phase,file,block_size_bytes,elapsed_ms
1,01,1,1123.502500
1,02,2,674.303600
1,03,4,277.002300
1,04,8,151.347100
1,05,16,69.190300
1,06,32,36.128200
1,07,64,18.608200
1,08,128,9.772600
1,09,256,5.396100
1,10,512,3.227900
1,11,1024,1.865600
1,12,2048,1.363400
1,13,4096,0.969100
1,14,8192,1.012000
1,15,16384,0.962300
1,16,32768,0.895000
1,17,65536,0.887500
1,18,131072,0.909300
2,01,1,1142.574500
2,02,2,540.459800
2,03,4,275.384200
2,04,8,237.331000
2,05,16,69.082700
2,06,32,35.104400
2,07,64,17.987700
2,08,128,9.398400
2,09,256,5.677300
2,10,512,2.807200
2,11,1024,1.776000
2,12,2048,1.418800
2,13,4096,0.904400
2,14,8192,1.341000
2,15,16384,1.349800
2,16,32768,1.278100
2,17,65536,1.294600
2,18,131072,1.255500
3,01,1,1090.732700
3,02,2,564.920300
3,03,4,271.120300
3,04,8,133.776200
3,05,16,67.777000
3,06,32,35.152100
3,07,64,17.587700
3,08,128,9.194900
3,09,256,5.116700
3,10,512,2.912700
3,11,1024,1.842200
3,12,2048,1.285500
3,13,4096,0.889200
3,14,8192,1.066200
3,15,16384,0.880300
3,16,32768,0.835400
3,17,65536,1.267000
3,18,131072,1.169800
4,01,1,1149.212400
4,02,2,538.497600
4,03,4,271.747500
4,04,8,135.251700
4,05,16,74.543600
4,06,32,34.488000
4,07,64,17.476300
4,08,128,9.192100
4,09,256,4.943500
4,10,512,2.884000
4,11,1024,1.758800
4,12,2048,1.281800
4,13,4096,0.906100
4,14,8192,0.859800
4,15,16384,0.922100
4,16,32768,0.888800
4,17,65536,0.844800
4,18,131072,0.810600
5,01,1,1092.512800
5,02,2,590.781700
5,03,4,317.879500
5,04,8,244.981700
5,05,16,71.342600
5,06,32,36.906900
5,07,64,18.474100
5,08,128,9.919100
5,09,256,5.302900
5,10,512,2.971800
5,11,1024,1.953600
5,12,2048,1.711900
5,13,4096,0.868200
5,14,8192,1.332200
5,15,16384,1.293500
5,16,32768,1.733700
5,17,65536,1.288000
5,18,131072,1.281200
6,01,1,1121.520300
6,02,2,545.776700
6,03,4,272.946800
6,04,8,133.571100
6,05,16,68.316800
6,06,32,34.573000
6,07,64,18.267900
6,08,128,9.213400
6,09,256,4.932900
6,10,512,2.887400
6,11,1024,1.887500
6,12,2048,1.306200
6,13,4096,0.889700
6,14,8192,1.348600
6,15,16384,1.358500
6,16,32768,1.287200
6,17,65536,1.223800
6,18,131072,0.951700
7,01,1,1071.455300
7,02,2,557.509500
7,03,4,266.077800
7,04,8,135.008800
7,05,16,68.342200
7,06,32,34.439900
7,07,64,17.480800
7,08,128,9.037100
7,09,256,5.310600
7,10,512,2.868700
7,11,1024,1.786400
7,12,2048,1.246800
7,13,4096,0.908700
7,14,8192,0.856800
7,15,16384,0.880400
7,16,32768,0.834900
7,17,65536,1.142100
7,18,131072,1.125800
8,01,1,1078.758800
8,02,2,531.494000
8,03,4,264.219100
8,04,8,132.693700
8,05,16,75.704100
8,06,32,34.463100
8,07,64,17.456900
8,08,128,9.285200
8,09,256,4.983500
8,10,512,2.853300
8,11,1024,1.781500
8,12,2048,1.296800
8,13,4096,0.872000
8,14,8192,1.025700
8,15,16384,0.935000
8,16,32768,1.267500
8,17,65536,1.261800
8,18,131072,1.240100
9,01,1,1065.578000
9,02,2,559.192800
9,03,4,269.175300
9,04,8,132.288700
9,05,16,67.228200
9,06,32,34.771600
9,07,64,17.339400
9,08,128,10.392600
9,09,256,4.994200
9,10,512,2.792800
9,11,1024,1.876300
9,12,2048,1.275900
9,13,4096,0.965900
9,14,8192,0.923700
9,15,16384,1.393700
9,16,32768,1.319200
9,17,65536,0.856200
9,18,131072,1.315100
10,01,1,1082.472800
10,02,2,535.150000
10,03,4,401.770400
10,04,8,134.711500
10,05,16,66.781700
10,06,32,33.839700
10,07,64,17.071400
10,08,128,9.117300
10,09,256,4.792800
10,10,512,2.664400
10,11,1024,1.737700
10,12,2048,1.128100
10,13,4096,0.914500
10,14,8192,1.334900
10,15,16384,1.321900
10,16,32768,0.867300
10,17,65536,0.838100
10,18,131072,1.207100
11,01,1,1072.516900
11,02,2,544.098300
11,03,4,268.401800
11,04,8,132.343000
11,05,16,67.705500
11,06,32,34.056800
11,07,64,17.886100
11,08,128,9.017400
11,09,256,4.904900
11,10,512,2.812200
11,11,1024,1.771900
11,12,2048,1.230000
11,13,4096,0.869300
11,14,8192,0.893600
11,15,16384,0.874900
11,16,32768,0.838500
11,17,65536,0.801600
11,18,131072,1.215300
12,01,1,1069.490300
12,02,2,545.362300
12,03,4,271.234800
12,04,8,132.627600
12,05,16,68.153600
12,06,32,34.546000
12,07,64,17.477800
12,08,128,9.184400
12,09,256,5.162600
12,10,512,2.883100
12,11,1024,1.844600
12,12,2048,1.241200
12,13,4096,0.900900
12,14,8192,0.874700
12,15,16384,0.884500
12,16,32768,0.835600
12,17,65536,1.079500
12,18,131072,1.277400
13,01,1,1091.548700
13,02,2,529.289500
13,03,4,268.209700
13,04,8,135.269900
13,05,16,67.707200
13,06,32,54.543500
13,07,64,17.918500
13,08,128,9.151300
13,09,256,5.005000
13,10,512,2.796400
13,11,1024,1.844900
13,12,2048,1.290000
13,13,4096,0.949600
13,14,8192,0.868000
13,15,16384,1.335000
13,16,32768,1.266200
13,17,65536,1.236000
13,18,131072,1.241700
14,01,1,1079.387500
14,02,2,581.056800
14,03,4,289.390400
14,04,8,132.274600
14,05,16,69.081900
14,06,32,34.473100
14,07,64,17.402400
14,08,128,9.122200
14,09,256,5.406100
14,10,512,2.710600
14,11,1024,1.717100
14,12,2048,1.192700
14,13,4096,0.880700
14,14,8192,1.221900
14,15,16384,0.921400
14,16,32768,1.143900
14,17,65536,1.213600
14,18,131072,1.215100
15,01,1,1077.067600
15,02,2,533.758500
15,03,4,277.321700
15,04,8,132.369200
15,05,16,67.848100
15,06,32,35.044600
15,07,64,17.275900
15,08,128,9.035400
15,09,256,4.965400
15,10,512,2.858100
15,11,1024,1.826600
15,12,2048,1.261600
15,13,4096,0.880600
15,14,8192,0.868700
15,15,16384,0.869700
15,16,32768,0.854600
15,17,65536,0.809400
15,18,131072,0.898100
16,01,1,1210.479300
16,02,2,531.931000
16,03,4,277.948800
16,04,8,134.032000
16,05,16,76.587100
16,06,32,33.989200
16,07,64,17.358400
16,08,128,9.117700
16,09,256,5.001200
16,10,512,2.846500
16,11,1024,1.773600
16,12,2048,1.281600
16,13,4096,0.891600
16,14,8192,0.863100
16,15,16384,0.868800
16,16,32768,1.247700
16,17,65536,1.203900
16,18,131072,0.918900
17,01,1,1085.108300
17,02,2,555.226800
17,03,4,265.958700
17,04,8,134.020900
17,05,16,67.242700
17,06,32,34.022500
17,07,64,18.017200
17,08,128,9.050000
17,09,256,5.065300
17,10,512,2.860300
17,11,1024,1.770200
17,12,2048,1.275000
17,13,4096,0.874700
17,14,8192,0.856200
17,15,16384,1.301400
17,16,32768,1.256500
17,17,65536,1.261300
17,18,131072,1.214200
18,01,1,1085.187300
18,02,2,530.516500
18,03,4,288.242100
18,04,8,135.711800
18,05,16,69.771000
18,06,32,35.120100
18,07,64,18.529300
18,08,128,9.460000
18,09,256,5.198900
18,10,512,3.046200
18,11,1024,2.620300
18,12,2048,1.285500
18,13,4096,0.867300
18,14,8192,0.888800
18,15,16384,0.868700
18,16,32768,1.134100
18,17,65536,0.815700
18,18,131072,1.266800
19,01,1,1072.564600
19,02,2,536.802400
19,03,4,277.257600
19,04,8,135.741900
19,05,16,67.695200
19,06,32,34.283900
19,07,64,17.401200
19,08,128,9.283300
19,09,256,4.884100
19,10,512,2.924100
19,11,1024,1.862800
19,12,2048,1.253300
19,13,4096,0.867100
19,14,8192,0.885700
19,15,16384,0.893400
19,16,32768,0.836500
19,17,65536,1.146800
19,18,131072,1.128600
20,01,1,1078.040000
20,02,2,601.104800
20,03,4,268.739800
20,04,8,134.206100
20,05,16,68.476300
20,06,32,34.031600
20,07,64,19.665900
20,08,128,9.213400
20,09,256,4.908900
20,10,512,2.812900
20,11,1024,1.876700
20,12,2048,1.270200
20,13,4096,0.875000
20,14,8192,0.876400
20,15,16384,0.867300
20,16,32768,0.881400
20,17,65536,0.796800
20,18,131072,1.194300
21,01,1,1089.171800
21,02,2,528.742900
21,03,4,266.370500
21,04,8,135.076700
21,05,16,67.197000
21,06,32,34.773300
21,07,64,17.964700
21,08,128,9.088900
21,09,256,4.834300
21,10,512,2.908400
21,11,1024,1.792800
21,12,2048,1.330700
21,13,4096,0.883100
21,14,8192,0.923800
21,15,16384,0.872200
21,16,32768,0.868100
21,17,65536,1.238300
21,18,131072,1.249400
22,01,1,1076.921700
22,02,2,552.528700
22,03,4,266.909400
22,04,8,131.493800
22,05,16,68.019200
22,06,32,34.241700
22,07,64,17.301900
22,08,128,9.206000
22,09,256,4.804900
22,10,512,2.724800
22,11,1024,1.649100
22,12,2048,1.131200
22,13,4096,0.849000
22,14,8192,1.273800
22,15,16384,1.298900
22,16,32768,0.949300
22,17,65536,0.870500
22,18,131072,0.816300
23,01,1,1113.586800
23,02,2,531.060300
23,03,4,402.363000
23,04,8,141.734000
23,05,16,69.937200
23,06,32,34.671200
23,07,64,17.556700
23,08,128,8.931000
23,09,256,4.979200
23,10,512,2.634300
23,11,1024,1.617100
23,12,2048,1.180600
23,13,4096,0.888300
23,14,8192,1.329600
23,15,16384,1.265900
23,16,32768,1.140100
23,17,65536,1.227900
23,18,131072,1.203600
24,01,1,1065.611300
24,02,2,534.161300
24,03,4,267.270400
24,04,8,136.137900
24,05,16,161.692700
24,06,32,40.784200
24,07,64,20.271300
24,08,128,9.341100
24,09,256,4.885100
24,10,512,2.879700
24,11,1024,1.774400
24,12,2048,1.337500
24,13,4096,0.870800
24,14,8192,0.920600
24,15,16384,0.914600
24,16,32768,0.825900
24,17,65536,0.805100
24,18,131072,1.122700
25,01,1,1088.362600
25,02,2,544.639400
25,03,4,270.878000
25,04,8,136.077800
25,05,16,76.815600
25,06,32,35.943700
25,07,64,18.091300
25,08,128,9.495000
25,09,256,5.075400
25,10,512,4.022900
25,11,1024,2.665900
25,12,2048,1.388700
25,13,4096,0.903000
25,14,8192,1.325800
25,15,16384,1.317200
25,16,32768,1.259900
25,17,65536,1.120200
25,18,131072,1.222400
26,01,1,1099.624700
26,02,2,540.106200
26,03,4,281.471900
26,04,8,134.024000
26,05,16,67.519400
26,06,32,34.382200
26,07,64,17.653200
26,08,128,9.105100
26,09,256,4.985800
26,10,512,2.884200
26,11,1024,1.814500
26,12,2048,1.256600
26,13,4096,0.883400
26,14,8192,0.924500
26,15,16384,0.895700
26,16,32768,1.297500
26,17,65536,1.234900
26,18,131072,1.250000
27,01,1,1067.762300
27,02,2,544.071900
27,03,4,276.615700
27,04,8,133.775600
27,05,16,67.652800
27,06,32,34.569300
27,07,64,17.493800
27,08,128,9.109200
27,09,256,5.251500
27,10,512,2.739500
27,11,1024,1.717300
27,12,2048,1.243100
27,13,4096,0.865800
27,14,8192,0.851500
27,15,16384,0.889100
27,16,32768,0.829500
27,17,65536,1.221400
27,18,131072,1.218300
28,01,1,1076.853400
28,02,2,540.231800
28,03,4,268.912900
28,04,8,136.111000
28,05,16,68.439800
28,06,32,35.028600
28,07,64,17.360200
28,08,128,9.437600
28,09,256,5.018700
28,10,512,2.920400
28,11,1024,1.920800
28,12,2048,1.238800
28,13,4096,0.907000
28,14,8192,0.871600
28,15,16384,0.864400
28,16,32768,0.869600
28,17,65536,1.249400
28,18,131072,1.254900
29,01,1,1077.574700
29,02,2,530.923400
29,03,4,266.101000
29,04,8,140.078100
29,05,16,67.237900
29,06,32,35.051200
29,07,64,17.462900
29,08,128,9.250200
29,09,256,4.980600
29,10,512,2.809400
29,11,1024,1.818500
29,12,2048,1.340300
29,13,4096,0.878500
29,14,8192,0.896100
29,15,16384,0.883000
29,16,32768,0.864000
29,17,65536,0.822200
29,18,131072,1.247300
30,01,1,1071.193700
30,02,2,789.666800
30,03,4,267.675300
30,04,8,133.476800
30,05,16,67.132700
30,06,32,34.352300
30,07,64,17.257600
30,08,128,9.174100
30,09,256,4.819200
30,10,512,2.790100
30,11,1024,1.783400
30,12,2048,1.213600
30,13,4096,0.844100
30,14,8192,0.886700
30,15,16384,0.871200
30,16,32768,0.850200
30,17,65536,0.804500
30,18,131072,0.893800
31,01,1,1080.149500
31,02,2,538.079900
31,03,4,275.595400
31,04,8,133.029000
31,05,16,66.972500
31,06,32,34.223000
31,07,64,17.363600
31,08,128,8.965000
31,09,256,4.937900
31,10,512,2.818100
31,11,1024,1.754000
31,12,2048,1.322900
31,13,4096,0.982100
31,14,8192,1.007600
31,15,16384,0.905300
31,16,32768,1.271200
31,17,65536,1.239600
31,18,131072,0.910700
32,01,1,1079.586000
32,02,2,538.985600
32,03,4,271.051400
32,04,8,135.989500
32,05,16,70.425200
32,06,32,34.037900
32,07,64,17.185700
32,08,128,9.113000
32,09,256,4.810800
32,10,512,2.750500
32,11,1024,1.822400
32,12,2048,1.113500
32,13,4096,0.927800
32,14,8192,0.871900
32,15,16384,0.857100
32,16,32768,0.851600
32,17,65536,1.216800
32,18,131072,1.203700
33,01,1,1073.392000
33,02,2,539.490600
33,03,4,267.973000
33,04,8,134.177400
33,05,16,67.623400
33,06,32,34.523300
33,07,64,17.300400
33,08,128,8.910000
33,09,256,4.913200
33,10,512,2.776500
33,11,1024,1.729000
33,12,2048,1.222500
33,13,4096,0.899100
33,14,8192,0.921400
33,15,16384,0.876900
33,16,32768,1.315000
33,17,65536,1.141000
33,18,131072,1.255000
34,01,1,1103.766800
34,02,2,584.337500
34,03,4,296.626900
34,04,8,144.685000
34,05,16,73.797600
34,06,32,38.993900
34,07,64,19.010600
34,08,128,11.660200
34,09,256,7.691900
34,10,512,4.429800
34,11,1024,2.781900
34,12,2048,1.844000
34,13,4096,1.379100
34,14,8192,1.099100
34,15,16384,1.366500
34,16,32768,1.331600
34,17,65536,1.262800
34,18,131072,1.276700
35,01,1,1144.458900
35,02,2,536.812700
35,03,4,266.707300
35,04,8,141.832400
35,05,16,67.367900
35,06,32,68.081900
35,07,64,17.379300
35,08,128,9.220300
35,09,256,4.874300
35,10,512,2.817800
35,11,1024,1.733500
35,12,2048,1.309500
35,13,4096,0.856400
35,14,8192,1.303900
35,15,16384,1.328200
35,16,32768,1.217000
35,17,65536,1.216700
35,18,131072,1.237700
36,01,1,1082.768100
36,02,2,543.926200
36,03,4,266.931000
36,04,8,139.716200
36,05,16,68.813100
36,06,32,34.600500
36,07,64,17.748000
36,08,128,9.064900
36,09,256,5.741500
36,10,512,2.784800
36,11,1024,1.840800
36,12,2048,1.239500
36,13,4096,0.881000
36,14,8192,0.892200
36,15,16384,0.901400
36,16,32768,1.010400
36,17,65536,0.809900
36,18,131072,0.821000
37,01,1,1124.133500
37,02,2,533.098200
37,03,4,268.999800
37,04,8,132.731600
37,05,16,68.042800
37,06,32,34.903700
37,07,64,17.476700
37,08,128,9.139800
37,09,256,5.012200
37,10,512,2.729300
37,11,1024,1.723600
37,12,2048,1.265600
37,13,4096,0.918000
37,14,8192,0.935800
37,15,16384,0.938800
37,16,32768,0.876300
37,17,65536,0.861300
37,18,131072,1.330600
38,01,1,1153.069400
38,02,2,537.312000
38,03,4,267.595500
38,04,8,131.709800
38,05,16,68.407100
38,06,32,43.360400
38,07,64,17.548400
38,08,128,9.172100
38,09,256,4.921300
38,10,512,2.857500
38,11,1024,1.669500
38,12,2048,1.235000
38,13,4096,0.874500
38,14,8192,0.867400
38,15,16384,0.867200
38,16,32768,0.842200
38,17,65536,0.836700
38,18,131072,0.845300
39,01,1,1064.031300
39,02,2,537.177600
39,03,4,271.768700
39,04,8,140.886800
39,05,16,69.115200
39,06,32,35.031700
39,07,64,17.715900
39,08,128,9.261600
39,09,256,4.958500
39,10,512,2.945900
39,11,1024,1.746700
39,12,2048,1.514500
39,13,4096,1.025900
39,14,8192,0.933300
39,15,16384,0.888200
39,16,32768,0.831900
39,17,65536,0.850300
39,18,131072,0.811900
40,01,1,1071.395300
40,02,2,532.423700
40,03,4,372.722200
40,04,8,133.767300
40,05,16,67.677400
40,06,32,34.724000
40,07,64,17.516800
40,08,128,9.151600
40,09,256,5.000600
40,10,512,2.766000
40,11,1024,1.816900
40,12,2048,1.235300
40,13,4096,0.893800
40,14,8192,0.882400
40,15,16384,0.908100
40,16,32768,0.863500
40,17,65536,0.846000
40,18,131072,0.842200
41,01,1,1073.913600
41,02,2,540.423200
41,03,4,270.059500
41,04,8,133.306100
41,05,16,67.590200
41,06,32,35.427900
41,07,64,17.674500
41,08,128,9.163300
41,09,256,4.998500
41,10,512,2.861700
41,11,1024,1.844900
41,12,2048,1.257500
41,13,4096,0.900400
41,14,8192,1.092100
41,15,16384,0.929900
41,16,32768,0.925500
41,17,65536,1.302400
41,18,131072,1.284300
42,01,1,1083.496000
42,02,2,657.275600
42,03,4,268.389900
42,04,8,134.555300
42,05,16,67.084700
42,06,32,34.002200
42,07,64,17.204900
42,08,128,9.056100
42,09,256,5.339700
42,10,512,2.723100
42,11,1024,1.690000
42,12,2048,1.215200
42,13,4096,0.939600
42,14,8192,0.892100
42,15,16384,0.858500
42,16,32768,0.896000
42,17,65536,0.821600
42,18,131072,0.776100
43,01,1,1080.138600
43,02,2,536.564400
43,03,4,267.874200
43,04,8,136.259200
43,05,16,67.881200
43,06,32,38.097300
43,07,64,18.416100
43,08,128,10.561700
43,09,256,5.244900
43,10,512,3.000900
43,11,1024,1.924000
43,12,2048,1.675800
43,13,4096,0.882000
43,14,8192,1.234900
43,15,16384,1.169300
43,16,32768,1.253600
43,17,65536,1.310000
43,18,131072,1.224800
44,01,1,1065.509600
44,02,2,539.594300
44,03,4,270.046900
44,04,8,134.393600
44,05,16,67.541500
44,06,32,34.319900
44,07,64,17.837200
44,08,128,9.433100
44,09,256,4.897300
44,10,512,2.984700
44,11,1024,1.805200
44,12,2048,1.257900
44,13,4096,0.898000
44,14,8192,0.911600
44,15,16384,0.953300
44,16,32768,0.873900
44,17,65536,0.938800
44,18,131072,0.807300
45,01,1,1083.589500
45,02,2,528.865000
45,03,4,279.919600
45,04,8,136.663800
45,05,16,71.176400
45,06,32,36.127100
45,07,64,19.020500
45,08,128,9.581200
45,09,256,5.114000
45,10,512,3.569400
45,11,1024,2.145900
45,12,2048,1.458700
45,13,4096,1.071100
45,14,8192,1.339800
45,15,16384,1.349600
45,16,32768,1.263800
45,17,65536,1.270600
45,18,131072,1.296300
46,01,1,1088.919300
46,02,2,536.062700
46,03,4,272.341100
46,04,8,133.856800
46,05,16,67.574800
46,06,32,34.248000
46,07,64,17.430500
46,08,128,9.293700
46,09,256,4.936200
46,10,512,2.904100
46,11,1024,1.803900
46,12,2048,1.271100
46,13,4096,0.916900
46,14,8192,1.260600
46,15,16384,1.310700
46,16,32768,1.285000
46,17,65536,1.255400
46,18,131072,1.236000
47,01,1,1070.604500
47,02,2,535.633800
47,03,4,269.447500
47,04,8,135.470200
47,05,16,66.664700
47,06,32,34.596300
47,07,64,17.265300
47,08,128,9.133400
47,09,256,4.791800
47,10,512,2.770600
47,11,1024,1.803300
47,12,2048,1.232400
47,13,4096,0.921900
47,14,8192,0.852500
47,15,16384,0.885000
47,16,32768,0.833900
47,17,65536,0.849500
47,18,131072,1.012300
48,01,1,1093.137200
48,02,2,529.347900
48,03,4,273.819700
48,04,8,135.208600
48,05,16,68.331300
48,06,32,34.315500
48,07,64,17.494500
48,08,128,9.234500
48,09,256,4.889600
48,10,512,2.802100
48,11,1024,1.776500
48,12,2048,1.476200
48,13,4096,0.930500
48,14,8192,0.871600
48,15,16384,0.876600
48,16,32768,0.827500
48,17,65536,0.808200
48,18,131072,1.228300
49,01,1,1059.140100
49,02,2,550.744300
49,03,4,267.854600
49,04,8,136.590100
49,05,16,66.970000
49,06,32,34.027000
49,07,64,17.438700
49,08,128,9.039400
49,09,256,4.956400
49,10,512,2.813400
49,11,1024,1.767100
49,12,2048,1.293800
49,13,4096,1.308700
49,14,8192,1.287000
49,15,16384,1.190800
49,16,32768,0.843300
49,17,65536,0.864700
49,18,131072,0.849000
50,01,1,1070.936200
50,02,2,530.455900
50,03,4,293.643500
50,04,8,142.796400
50,05,16,67.804100
50,06,32,34.252100
50,07,64,17.386600
50,08,128,9.078600
50,09,256,4.944800
50,10,512,2.822300
50,11,1024,1.723400
50,12,2048,1.314400
50,13,4096,0.886700
50,14,8192,0.864800
50,15,16384,1.320900
50,16,32768,1.234200
50,17,65536,1.217500
50,18,131072,1.201700
51,01,1,1062.084900
51,02,2,530.474700
51,03,4,279.640500
51,04,8,132.765900
51,05,16,67.126100
51,06,32,34.007700
51,07,64,17.329800
51,08,128,9.200600
51,09,256,4.869300
51,10,512,2.907300
51,11,1024,1.801200
51,12,2048,1.301800
51,13,4096,0.885300
51,14,8192,0.876200
51,15,16384,1.248500
51,16,32768,1.186300
51,17,65536,0.835600
51,18,131072,0.809500
52,01,1,1069.975300
52,02,2,541.843200
52,03,4,269.056200
52,04,8,131.692100
52,05,16,67.154700
52,06,32,34.008200
52,07,64,17.296100
52,08,128,9.261000
52,09,256,4.920100
52,10,512,2.790700
52,11,1024,1.791200
52,12,2048,1.267400
52,13,4096,0.927900
52,14,8192,0.944600
52,15,16384,0.876800
52,16,32768,0.866800
52,17,65536,0.836000
52,18,131072,1.217000
53,01,1,1074.568900
53,02,2,538.615000
53,03,4,266.521800
53,04,8,267.778800
53,05,16,67.629800
53,06,32,34.823600
53,07,64,17.660400
53,08,128,9.160600
53,09,256,5.044700
53,10,512,2.851100
53,11,1024,1.788900
53,12,2048,1.235400
53,13,4096,0.894000
53,14,8192,0.899000
53,15,16384,0.862700
53,16,32768,0.864500
53,17,65536,0.858000
53,18,131072,0.835900
54,01,1,1064.302400
54,02,2,530.368300
54,03,4,272.812000
54,04,8,133.318700
54,05,16,66.770400
54,06,32,34.198000
54,07,64,17.424000
54,08,128,9.121700
54,09,256,4.847100
54,10,512,2.911900
54,11,1024,1.783700
54,12,2048,1.294700
54,13,4096,0.872000
54,14,8192,0.878000
54,15,16384,0.874100
54,16,32768,0.819800
54,17,65536,1.198900
54,18,131072,0.921600
55,01,1,1082.741300
55,02,2,529.146800
55,03,4,268.850000
55,04,8,132.656200
55,05,16,67.813900
55,06,32,34.522300
55,07,64,17.294400
55,08,128,9.095400
55,09,256,4.840900
55,10,512,2.694200
55,11,1024,1.676600
55,12,2048,1.173500
55,13,4096,0.910800
55,14,8192,1.355300
55,15,16384,1.308300
55,16,32768,0.862900
55,17,65536,1.190600
55,18,131072,1.186800
56,01,1,1078.370300
56,02,2,534.344200
56,03,4,269.764400
56,04,8,132.913600
56,05,16,67.242200
56,06,32,34.764600
56,07,64,17.400900
56,08,128,9.070100
56,09,256,5.987800
56,10,512,2.882400
56,11,1024,1.788400
56,12,2048,1.307300
56,13,4096,0.890300
56,14,8192,0.857800
56,15,16384,0.942000
56,16,32768,0.827200
56,17,65536,0.886300
56,18,131072,0.807700
57,01,1,1066.769800
57,02,2,579.440500
57,03,4,274.328700
57,04,8,132.459600
57,05,16,66.849800
57,06,32,33.923000
57,07,64,17.355700
57,08,128,8.900700
57,09,256,4.964300
57,10,512,2.799800
57,11,1024,1.818500
57,12,2048,1.251000
57,13,4096,0.907000
57,14,8192,0.916000
57,15,16384,0.921000
57,16,32768,0.924900
57,17,65536,0.905900
57,18,131072,0.831200
58,01,1,1071.838500
58,02,2,535.950900
58,03,4,269.032300
58,04,8,238.290100
58,05,16,68.987500
58,06,32,34.361600
58,07,64,18.447400
58,08,128,8.976000
58,09,256,4.876900
58,10,512,2.722500
58,11,1024,1.667900
58,12,2048,1.655100
58,13,4096,0.922500
58,14,8192,0.873400
58,15,16384,0.862400
58,16,32768,0.853600
58,17,65536,1.247300
58,18,131072,0.945000
59,01,1,1070.435200
59,02,2,536.281200
59,03,4,268.599900
59,04,8,134.352000
59,05,16,68.675900
59,06,32,34.694000
59,07,64,17.438500
59,08,128,9.125700
59,09,256,4.861200
59,10,512,2.947000
59,11,1024,1.786900
59,12,2048,1.235300
59,13,4096,0.906800
59,14,8192,1.303200
59,15,16384,1.335100
59,16,32768,1.265200
59,17,65536,1.217300
59,18,131072,0.876000
60,01,1,1071.077900
60,02,2,543.390200
60,03,4,271.088300
60,04,8,133.758500
60,05,16,67.390600
60,06,32,34.641000
60,07,64,17.500400
60,08,128,9.255200
60,09,256,4.893800
60,10,512,3.038800
60,11,1024,1.802500
60,12,2048,1.260800
60,13,4096,0.890300
60,14,8192,0.961200
60,15,16384,0.914000
60,16,32768,1.240900
60,17,65536,1.232200
60,18,131072,1.224500
61,01,1,1083.227200
61,02,2,533.119900
61,03,4,267.754200
61,04,8,140.448900
61,05,16,68.471300
61,06,32,152.970700
61,07,64,30.715500
61,08,128,9.229700
61,09,256,4.886100
61,10,512,2.778300
61,11,1024,1.763300
61,12,2048,1.394700
61,13,4096,0.868000
61,14,8192,0.861500
61,15,16384,0.888300
61,16,32768,1.254100
61,17,65536,1.238100
61,18,131072,1.246100
62,01,1,1062.274500
62,02,2,544.120700
62,03,4,268.331100
62,04,8,132.505300
62,05,16,66.990100
62,06,32,34.772700
62,07,64,17.862800
62,08,128,9.506100
62,09,256,4.941800
62,10,512,2.806400
62,11,1024,1.810200
62,12,2048,1.387500
62,13,4096,0.879800
62,14,8192,0.865500
62,15,16384,0.879700
62,16,32768,0.836800
62,17,65536,0.801500
62,18,131072,0.915300
63,01,1,1076.714000
63,02,2,741.589800
63,03,4,268.790700
63,04,8,133.871800
63,05,16,66.860900
63,06,32,34.118700
63,07,64,17.423900
63,08,128,9.412500
63,09,256,4.960000
63,10,512,2.995900
63,11,1024,2.699500
63,12,2048,1.453300
63,13,4096,0.873900
63,14,8192,0.858900
63,15,16384,0.912000
63,16,32768,1.239100
63,17,65536,1.230400
63,18,131072,1.305800
64,01,1,1069.768600
64,02,2,536.850100
64,03,4,265.726100
64,04,8,131.794800
64,05,16,66.576000
64,06,32,47.219700
64,07,64,17.521500
64,08,128,9.182200
64,09,256,4.852100
64,10,512,2.820700
64,11,1024,1.877900
64,12,2048,1.226200
64,13,4096,0.878800
64,14,8192,0.889900
64,15,16384,0.860500
64,16,32768,0.877600
64,17,65536,0.852300
64,18,131072,1.091400
65,01,1,1068.901100
65,02,2,537.784900
65,03,4,271.443700
65,04,8,140.343000
65,05,16,67.750300
65,06,32,34.738200
65,07,64,19.393900
65,08,128,9.116200
65,09,256,4.745800
65,10,512,2.728900
65,11,1024,1.716500
65,12,2048,1.264400
65,13,4096,0.869200
65,14,8192,0.896900
65,15,16384,0.888500
65,16,32768,0.864300
65,17,65536,0.816000
65,18,131072,0.819100
66,01,1,1072.932700
66,02,2,531.480800
66,03,4,391.792100
66,04,8,133.636800
66,05,16,67.188100
66,06,32,35.050600
66,07,64,17.828800
66,08,128,9.529500
66,09,256,5.351200
66,10,512,3.062700
66,11,1024,1.665200
66,12,2048,1.259700
66,13,4096,0.860700
66,14,8192,0.853400
66,15,16384,1.285500
66,16,32768,1.134100
66,17,65536,1.225100
66,18,131072,1.246000
67,01,1,1077.653300
67,02,2,532.691600
67,03,4,268.908700
67,04,8,132.624600
67,05,16,66.807800
67,06,32,34.058500
67,07,64,17.345700
67,08,128,9.254300
67,09,256,4.982800
67,10,512,2.815400
67,11,1024,1.795700
67,12,2048,1.288800
67,13,4096,1.364300
67,14,8192,1.305900
67,15,16384,1.340800
67,16,32768,1.286300
67,17,65536,1.156600
67,18,131072,1.231700
68,01,1,1075.648200
68,02,2,539.058100
68,03,4,268.900400
68,04,8,133.609200
68,05,16,67.550000
68,06,32,34.474700
68,07,64,17.571300
68,08,128,9.013800
68,09,256,4.857800
68,10,512,2.887000
68,11,1024,1.817500
68,12,2048,1.232900
68,13,4096,0.885100
68,14,8192,0.902800
68,15,16384,0.986000
68,16,32768,0.895300
68,17,65536,1.213500
68,18,131072,1.250300
69,01,1,1074.047500
69,02,2,531.831500
69,03,4,268.315400
69,04,8,133.154500
69,05,16,83.256100
69,06,32,35.010500
69,07,64,18.735600
69,08,128,10.388100
69,09,256,5.561000
69,10,512,3.153400
69,11,1024,1.879100
69,12,2048,1.366200
69,13,4096,0.970800
69,14,8192,0.897000
69,15,16384,1.438700
69,16,32768,0.990000
69,17,65536,1.236900
69,18,131072,1.226900
70,01,1,1060.596000
70,02,2,654.729100
70,03,4,269.532600
70,04,8,132.747800
70,05,16,67.177700
70,06,32,34.048100
70,07,64,17.352800
70,08,128,9.409500
70,09,256,4.961000
70,10,512,2.865500
70,11,1024,1.845900
70,12,2048,1.237400
70,13,4096,0.887700
70,14,8192,1.312900
70,15,16384,1.332800
70,16,32768,1.285400
70,17,65536,0.862700
70,18,131072,1.214400
71,01,1,1084.889900
71,02,2,534.177100
71,03,4,270.835500
71,04,8,132.390500
71,05,16,67.229300
71,06,32,33.977800
71,07,64,17.341800
71,08,128,9.863000
71,09,256,4.986800
71,10,512,2.885700
71,11,1024,1.812300
71,12,2048,1.258100
71,13,4096,0.885900
71,14,8192,0.887500
71,15,16384,0.864700
71,16,32768,0.885100
71,17,65536,1.220800
71,18,131072,1.227900
72,01,1,1189.349400
72,02,2,541.526500
72,03,4,268.380900
72,04,8,133.218800
72,05,16,68.027700
72,06,32,46.229400
72,07,64,17.733500
72,08,128,9.214500
72,09,256,4.850400
72,10,512,2.837500
72,11,1024,1.882100
72,12,2048,1.349100
72,13,4096,0.898800
72,14,8192,0.872600
72,15,16384,1.296800
72,16,32768,1.277300
72,17,65536,1.204700
72,18,131072,1.209000
73,01,1,1061.306800
73,02,2,552.219900
73,03,4,269.583200
73,04,8,134.350000
73,05,16,67.553200
73,06,32,34.081600
73,07,64,17.723200
73,08,128,9.111300
73,09,256,5.052200
73,10,512,2.911000
73,11,1024,1.739400
73,12,2048,1.312400
73,13,4096,0.909800
73,14,8192,0.865000
73,15,16384,0.878500
73,16,32768,0.938100
73,17,65536,1.270000
73,18,131072,1.294100
74,01,1,1083.253500
74,02,2,535.351400
74,03,4,276.729100
74,04,8,137.662300
74,05,16,67.181700
74,06,32,34.775000
74,07,64,17.627300
74,08,128,9.773500
74,09,256,4.899900
74,10,512,3.135600
74,11,1024,1.767200
74,12,2048,1.312500
74,13,4096,0.950800
74,14,8192,0.865500
74,15,16384,0.890600
74,16,32768,1.255200
74,17,65536,1.279600
74,18,131072,1.292200
75,01,1,1090.505900
75,02,2,532.945100
75,03,4,266.766600
75,04,8,133.560600
75,05,16,68.076800
75,06,32,33.937700
75,07,64,17.278200
75,08,128,9.133900
75,09,256,4.884900
75,10,512,2.644000
75,11,1024,1.622300
75,12,2048,1.138800
75,13,4096,0.878000
75,14,8192,0.943800
75,15,16384,1.333700
75,16,32768,1.275600
75,17,65536,1.191300
75,18,131072,1.209600
76,01,1,1312.133100
76,02,2,549.984200
76,03,4,266.749300
76,04,8,132.869400
76,05,16,66.957500
76,06,32,34.418000
76,07,64,17.249200
76,08,128,8.950300
76,09,256,4.775400
76,10,512,2.761000
76,11,1024,1.700600
76,12,2048,1.239700
76,13,4096,0.878700
76,14,8192,0.897300
76,15,16384,0.844900
76,16,32768,0.847500
76,17,65536,0.820400
76,18,131072,1.125500
77,01,1,1072.001300
77,02,2,530.402700
77,03,4,278.676700
77,04,8,133.178800
77,05,16,68.161500
77,06,32,34.238000
77,07,64,18.058500
77,08,128,9.073300
77,09,256,4.974500
77,10,512,2.862200
77,11,1024,1.739700
77,12,2048,1.301000
77,13,4096,0.881800
77,14,8192,0.893600
77,15,16384,0.881600
77,16,32768,0.857700
77,17,65536,0.832500
77,18,131072,0.927500
78,01,1,1101.418200
78,02,2,538.282700
78,03,4,267.139600
78,04,8,135.447400
78,05,16,68.139700
78,06,32,33.943600
78,07,64,17.667500
78,08,128,9.145900
78,09,256,4.847700
78,10,512,2.841300
78,11,1024,1.898300
78,12,2048,1.247500
78,13,4096,0.866100
78,14,8192,0.866700
78,15,16384,0.874700
78,16,32768,0.879200
78,17,65536,0.806100
78,18,131072,1.182000
79,01,1,1186.276700
79,02,2,534.386200
79,03,4,270.361700
79,04,8,137.284900
79,05,16,66.872200
79,06,32,33.845800
79,07,64,17.294300
79,08,128,9.028300
79,09,256,4.830900
79,10,512,2.802600
79,11,1024,1.757600
79,12,2048,1.241700
79,13,4096,0.897400
79,14,8192,0.866400
79,15,16384,0.904400
79,16,32768,0.866600
79,17,65536,0.793500
79,18,131072,1.146700
80,01,1,1207.381800
80,02,2,611.222200
80,03,4,311.994300
80,04,8,146.704900
80,05,16,88.972100
80,06,32,40.083100
80,07,64,19.909800
80,08,128,12.122700
80,09,256,5.974000
80,10,512,3.537400
80,11,1024,1.821900
80,12,2048,1.891500
80,13,4096,1.394200
80,14,8192,1.345100
80,15,16384,1.320800
80,16,32768,1.281400
80,17,65536,1.302800
80,18,131072,1.273200
81,01,1,1320.372100
81,02,2,572.157900
81,03,4,275.992700
81,04,8,157.827800
81,05,16,77.996000
81,06,32,39.366800
81,07,64,18.291700
81,08,128,9.424900
81,09,256,5.038800
81,10,512,2.840600
81,11,1024,1.724100
81,12,2048,2.014200
81,13,4096,1.338500
81,14,8192,1.340500
81,15,16384,1.325400
81,16,32768,0.940800
81,17,65536,1.170700
81,18,131072,1.202700
82,01,1,1100.204400
82,02,2,541.351900
82,03,4,267.098500
82,04,8,133.331800
82,05,16,66.877700
82,06,32,33.987500
82,07,64,17.429400
82,08,128,9.367500
82,09,256,4.849700
82,10,512,2.857900
82,11,1024,1.777000
82,12,2048,1.865600
82,13,4096,1.308000
82,14,8192,0.953400
82,15,16384,0.890400
82,16,32768,1.267300
82,17,65536,1.292800
82,18,131072,1.223100
83,01,1,1080.001900
83,02,2,526.897600
83,03,4,272.543900
83,04,8,144.553200
83,05,16,68.524300
83,06,32,34.137200
83,07,64,17.817000
83,08,128,9.279400
83,09,256,4.915700
83,10,512,2.811600
83,11,1024,1.835900
83,12,2048,1.379300
83,13,4096,0.893600
83,14,8192,0.914800
83,15,16384,1.379300
83,16,32768,1.241200
83,17,65536,0.859700
83,18,131072,1.245700
84,01,1,1064.965800
84,02,2,543.022500
84,03,4,265.184400
84,04,8,132.634800
84,05,16,68.157300
84,06,32,33.901000
84,07,64,17.374100
84,08,128,9.188300
84,09,256,4.933900
84,10,512,2.756200
84,11,1024,1.867400
84,12,2048,1.309600
84,13,4096,0.874800
84,14,8192,0.957800
84,15,16384,1.132900
84,16,32768,0.869900
84,17,65536,0.842100
84,18,131072,0.834000
85,01,1,1069.428400
85,02,2,528.276400
85,03,4,269.920400
85,04,8,132.544100
85,05,16,66.939600
85,06,32,41.902900
85,07,64,17.497000
85,08,128,9.128200
85,09,256,4.754700
85,10,512,2.960700
85,11,1024,1.649300
85,12,2048,1.146700
85,13,4096,0.953200
85,14,8192,0.879300
85,15,16384,0.867400
85,16,32768,0.833700
85,17,65536,1.254600
85,18,131072,1.243100
86,01,1,1086.335100
86,02,2,531.256500
86,03,4,270.072000
86,04,8,299.224500
86,05,16,66.177100
86,06,32,34.202600
86,07,64,17.804900
86,08,128,9.181100
86,09,256,4.894700
86,10,512,2.831100
86,11,1024,1.768300
86,12,2048,1.284800
86,13,4096,0.900600
86,14,8192,1.083500
86,15,16384,1.317000
86,16,32768,0.958200
86,17,65536,1.359200
86,18,131072,1.283100
87,01,1,1082.505800
87,02,2,538.920600
87,03,4,268.843800
87,04,8,134.126800
87,05,16,66.905600
87,06,32,33.975100
87,07,64,17.490800
87,08,128,9.138100
87,09,256,4.872800
87,10,512,2.730400
87,11,1024,1.706300
87,12,2048,1.218700
87,13,4096,1.263700
87,14,8192,1.334200
87,15,16384,1.362600
87,16,32768,1.131400
87,17,65536,0.857100
87,18,131072,0.884600
88,01,1,1151.523900
88,02,2,545.444700
88,03,4,267.441500
88,04,8,134.384100
88,05,16,68.255800
88,06,32,33.842700
88,07,64,17.132500
88,08,128,9.061300
88,09,256,4.872700
88,10,512,2.751200
88,11,1024,1.755500
88,12,2048,1.263700
88,13,4096,0.870400
88,14,8192,0.870000
88,15,16384,1.470700
88,16,32768,1.379400
88,17,65536,1.286400
88,18,131072,0.824700
89,01,1,1069.709600
89,02,2,544.070800
89,03,4,268.255900
89,04,8,134.400100
89,05,16,79.450900
89,06,32,34.352700
89,07,64,17.530200
89,08,128,9.165200
89,09,256,5.019700
89,10,512,2.761200
89,11,1024,1.742000
89,12,2048,1.314900
89,13,4096,0.874300
89,14,8192,0.888400
89,15,16384,0.876200
89,16,32768,1.259100
89,17,65536,1.252900
89,18,131072,1.217600
90,01,1,1058.578800
90,02,2,665.445300
90,03,4,266.400500
90,04,8,134.632100
90,05,16,67.651700
90,06,32,34.037900
90,07,64,17.393900
90,08,128,9.233500
90,09,256,5.052800
90,10,512,2.821400
90,11,1024,1.897900
90,12,2048,1.267600
90,13,4096,0.877100
90,14,8192,0.905000
90,15,16384,0.906800
90,16,32768,0.852500
90,17,65536,1.229300
90,18,131072,1.250900
91,01,1,1132.219800
91,02,2,563.727400
91,03,4,286.906000
91,04,8,142.338100
91,05,16,72.560900
91,06,32,35.953800
91,07,64,17.981500
91,08,128,9.497800
91,09,256,4.989500
91,10,512,2.873000
91,11,1024,1.816500
91,12,2048,1.299200
91,13,4096,0.879300
91,14,8192,1.346600
91,15,16384,1.340600
91,16,32768,1.240900
91,17,65536,1.219200
91,18,131072,1.247600
92,01,1,1139.469600
92,02,2,542.909700
92,03,4,276.960500
92,04,8,132.860100
92,05,16,72.342100
92,06,32,33.804500
92,07,64,17.357500
92,08,128,9.149800
92,09,256,4.904700
92,10,512,2.849500
92,11,1024,1.814600
92,12,2048,1.236400
92,13,4096,0.886000
92,14,8192,0.864900
92,15,16384,0.885000
92,16,32768,0.853200
92,17,65536,1.211800
92,18,131072,0.863500
93,01,1,1054.721600
93,02,2,532.929400
93,03,4,270.018300
93,04,8,137.591900
93,05,16,69.510500
93,06,32,34.469200
93,07,64,17.526900
93,08,128,9.181400
93,09,256,5.000900
93,10,512,2.778200
93,11,1024,1.742700
93,12,2048,1.396100
93,13,4096,0.882200
93,14,8192,0.867600
93,15,16384,0.876300
93,16,32768,0.855800
93,17,65536,0.806700
93,18,131072,1.223400
94,01,1,1080.872800
94,02,2,532.641300
94,03,4,280.807000
94,04,8,134.559800
94,05,16,67.116900
94,06,32,34.227200
94,07,64,17.638300
94,08,128,9.105400
94,09,256,5.077800
94,10,512,2.881800
94,11,1024,1.807200
94,12,2048,1.878000
94,13,4096,1.315900
94,14,8192,0.951200
94,15,16384,0.868000
94,16,32768,0.848800
94,17,65536,1.383900
94,18,131072,1.246000
95,01,1,1076.803400
95,02,2,597.252700
95,03,4,266.569200
95,04,8,135.730200
95,05,16,67.752800
95,06,32,34.417000
95,07,64,17.449500
95,08,128,9.110700
95,09,256,4.905200
95,10,512,2.760700
95,11,1024,1.745300
95,12,2048,1.288000
95,13,4096,0.906600
95,14,8192,0.877700
95,15,16384,0.863200
95,16,32768,0.849200
95,17,65536,0.808100
95,18,131072,0.910800
96,01,1,1102.924700
96,02,2,567.416400
96,03,4,281.282600
96,04,8,139.352400
96,05,16,74.369300
96,06,32,36.313500
96,07,64,18.672800
96,08,128,9.591100
96,09,256,5.284000
96,10,512,3.023200
96,11,1024,1.841900
96,12,2048,1.319500
96,13,4096,0.892200
96,14,8192,1.015200
96,15,16384,1.338000
96,16,32768,1.265800
96,17,65536,1.291100
96,18,131072,1.252400
97,01,1,1082.071100
97,02,2,538.361600
97,03,4,273.937600
97,04,8,137.729100
97,05,16,67.315400
97,06,32,34.532400
97,07,64,17.855400
97,08,128,9.241900
97,09,256,5.213400
97,10,512,2.905800
97,11,1024,1.777600
97,12,2048,1.152300
97,13,4096,0.979000
97,14,8192,1.273500
97,15,16384,1.309700
97,16,32768,1.577000
97,17,65536,0.830300
97,18,131072,1.209500
98,01,1,1104.715100
98,02,2,537.739500
98,03,4,270.255700
98,04,8,133.725600
98,05,16,67.731300
98,06,32,34.441800
98,07,64,17.523300
98,08,128,9.007500
98,09,256,4.846500
98,10,512,2.787200
98,11,1024,1.719400
98,12,2048,1.251100
98,13,4096,0.883900
98,14,8192,0.858000
98,15,16384,0.866700
98,16,32768,0.855100
98,17,65536,1.308700
98,18,131072,1.237700
99,01,1,1080.513100
99,02,2,544.532800
99,03,4,268.916000
99,04,8,133.690000
99,05,16,67.323900
99,06,32,34.350700
99,07,64,17.673700
99,08,128,9.199700
99,09,256,4.823700
99,10,512,3.172300
99,11,1024,1.792300
99,12,2048,1.235400
99,13,4096,0.885300
99,14,8192,0.933600
99,15,16384,0.872700
99,16,32768,0.844000
99,17,65536,1.206400
99,18,131072,1.245100
100,01,1,1196.878100
100,02,2,543.339500
100,03,4,270.290800
100,04,8,136.234700
100,05,16,191.796400
100,06,32,36.419100
100,07,64,17.802900
100,08,128,9.237600
100,09,256,5.107500
100,10,512,2.836300
100,11,1024,1.780100
100,12,2048,1.295500
100,13,4096,0.869900
100,14,8192,0.879300
100,15,16384,1.302600
100,16,32768,1.345400
100,17,65536,1.081800
100,18,131072,1.258500
101,01,1,1068.088000
101,02,2,561.305500
101,03,4,267.272700
101,04,8,133.349100
101,05,16,67.528900
101,06,32,34.104100
101,07,64,17.463300
101,08,128,9.462100
101,09,256,5.005200
101,10,512,2.937600
101,11,1024,1.779400
101,12,2048,1.285800
101,13,4096,0.906300
101,14,8192,0.851600
101,15,16384,0.870200
101,16,32768,1.259100
101,17,65536,1.218900
101,18,131072,1.237700
102,01,1,1073.825200
102,02,2,533.807000
102,03,4,274.133400
102,04,8,132.638400
102,05,16,67.528700
102,06,32,34.092000
102,07,64,17.474800
102,08,128,9.199000
102,09,256,4.908300
102,10,512,2.739000
102,11,1024,1.786200
102,12,2048,1.238100
102,13,4096,0.877600
102,14,8192,0.870200
102,15,16384,0.856900
102,16,32768,0.831000
102,17,65536,1.224600
102,18,131072,1.208500
103,01,1,1084.428600
103,02,2,554.158000
103,03,4,269.157600
103,04,8,132.984000
103,05,16,66.640900
103,06,32,37.774300
103,07,64,18.487400
103,08,128,9.804400
103,09,256,5.768200
103,10,512,2.900700
103,11,1024,1.826000
103,12,2048,1.201700
103,13,4096,0.871400
103,14,8192,0.856300
103,15,16384,1.290700
103,16,32768,1.195100
103,17,65536,1.220200
103,18,131072,1.208900
104,01,1,1063.821100
104,02,2,531.794700
104,03,4,268.515600
104,04,8,132.077100
104,05,16,66.711300
104,06,32,33.907200
104,07,64,17.295500
104,08,128,8.971000
104,09,256,6.203500
104,10,512,2.766500
104,11,1024,1.770200
104,12,2048,1.251800
104,13,4096,0.861200
104,14,8192,0.934300
104,15,16384,0.935500
104,16,32768,0.842500
104,17,65536,0.835200
104,18,131072,1.215300
105,01,1,1086.670900
105,02,2,535.893800
105,03,4,277.557800
105,04,8,143.049000
105,05,16,68.034600
105,06,32,35.030600
105,07,64,17.548700
105,08,128,9.182000
105,09,256,4.939000
105,10,512,2.804900
105,11,1024,1.812200
105,12,2048,1.267700
105,13,4096,0.923200
105,14,8192,0.865900
105,15,16384,0.883100
105,16,32768,0.915600
105,17,65536,0.829300
105,18,131072,0.962000
106,01,1,1075.665100
106,02,2,673.917700
106,03,4,275.091000
106,04,8,137.023300
106,05,16,67.540500
106,06,32,35.430100
106,07,64,17.951700
106,08,128,9.442500
106,09,256,5.251900
106,10,512,2.846100
106,11,1024,1.861500
106,12,2048,1.311100
106,13,4096,0.893500
106,14,8192,0.880700
106,15,16384,0.908800
106,16,32768,1.195500
106,17,65536,1.226600
106,18,131072,1.304100
107,01,1,1107.026300
107,02,2,552.773400
107,03,4,274.897400
107,04,8,133.590000
107,05,16,68.137900
107,06,32,34.522300
107,07,64,17.380900
107,08,128,9.018000
107,09,256,5.014900
107,10,512,2.702700
107,11,1024,1.700700
107,12,2048,1.267600
107,13,4096,0.876900
107,14,8192,0.879000
107,15,16384,0.923600
107,16,32768,0.851600
107,17,65536,0.803300
107,18,131072,1.207000
108,01,1,1107.234100
108,02,2,568.432200
108,03,4,284.528400
108,04,8,166.612700
108,05,16,68.698900
108,06,32,34.768400
108,07,64,17.622500
108,08,128,9.119600
108,09,256,5.028400
108,10,512,2.828300
108,11,1024,1.749700
108,12,2048,1.235200
108,13,4096,0.865400
108,14,8192,1.323900
108,15,16384,1.310300
108,16,32768,1.296200
108,17,65536,0.834100
108,18,131072,0.846000
109,01,1,1090.423900
109,02,2,551.729200
109,03,4,273.854600
109,04,8,135.108100
109,05,16,68.311300
109,06,32,33.826000
109,07,64,17.782600
109,08,128,9.531900
109,09,256,5.089600
109,10,512,3.371100
109,11,1024,1.748300
109,12,2048,1.333700
109,13,4096,1.314800
109,14,8192,1.311600
109,15,16384,1.331600
109,16,32768,0.949700
109,17,65536,1.256800
109,18,131072,1.118200
110,01,1,1085.931300
110,02,2,546.733300
110,03,4,275.900500
110,04,8,135.062500
110,05,16,69.045600
110,06,32,35.574900
110,07,64,18.418700
110,08,128,9.257600
110,09,256,5.124600
110,10,512,2.919800
110,11,1024,1.793600
110,12,2048,1.299300
110,13,4096,0.874200
110,14,8192,0.857700
110,15,16384,1.156700
110,16,32768,1.277700
110,17,65536,1.226200
110,18,131072,1.187500
111,01,1,1179.887100
111,02,2,552.435900
111,03,4,279.785900
111,04,8,143.591900
111,05,16,185.548400
111,06,32,36.334500
111,07,64,18.425700
111,08,128,9.375900
111,09,256,5.601700
111,10,512,2.975600
111,11,1024,1.888600
111,12,2048,1.311200
111,13,4096,0.894700
111,14,8192,0.881200
111,15,16384,0.893800
111,16,32768,1.137800
111,17,65536,1.360700
111,18,131072,1.208300
112,01,1,1107.643500
112,02,2,547.612100
112,03,4,277.107900
112,04,8,142.163300
112,05,16,68.311900
112,06,32,35.774300
112,07,64,17.971900
112,08,128,9.249500
112,09,256,5.502400
112,10,512,2.855900
112,11,1024,1.732600
112,12,2048,1.576800
112,13,4096,0.865600
112,14,8192,1.308500
112,15,16384,1.330400
112,16,32768,1.266200
112,17,65536,1.169800
112,18,131072,1.101800
113,01,1,1121.782100
113,02,2,540.366000
113,03,4,270.529100
113,04,8,132.450500
113,05,16,68.023100
113,06,32,34.271600
113,07,64,17.579700
113,08,128,9.057500
113,09,256,4.880700
113,10,512,3.421900
113,11,1024,1.842000
113,12,2048,1.269200
113,13,4096,1.288300
113,14,8192,1.327500
113,15,16384,1.402500
113,16,32768,1.264900
113,17,65536,0.873900
113,18,131072,1.221500
114,01,1,1084.703800
114,02,2,530.712800
114,03,4,275.415700
114,04,8,138.216200
114,05,16,72.787800
114,06,32,35.019000
114,07,64,17.915000
114,08,128,11.165100
114,09,256,4.956000
114,10,512,2.915100
114,11,1024,1.901800
114,12,2048,1.192800
114,13,4096,0.871300
114,14,8192,0.872100
114,15,16384,0.866800
114,16,32768,0.822500
114,17,65536,1.200900
114,18,131072,1.181600
115,01,1,1104.722100
115,02,2,556.078400
115,03,4,272.910300
115,04,8,140.402800
115,05,16,68.765400
115,06,32,38.971500
115,07,64,21.461200
115,08,128,11.251300
115,09,256,6.166300
115,10,512,4.332900
115,11,1024,2.780200
115,12,2048,2.075300
115,13,4096,1.328800
115,14,8192,1.328500
115,15,16384,1.138000
115,16,32768,1.302100
115,17,65536,1.153800
115,18,131072,0.807000
116,01,1,1113.606200
116,02,2,543.502500
116,03,4,287.305100
116,04,8,135.026300
116,05,16,67.330100
116,06,32,34.316500
116,07,64,17.785900
116,08,128,9.095700
116,09,256,4.934500
116,10,512,2.879600
116,11,1024,1.783200
116,12,2048,1.267400
116,13,4096,0.890300
116,14,8192,1.320100
116,15,16384,1.260900
116,16,32768,1.312600
116,17,65536,0.823800
116,18,131072,0.884800
117,01,1,1093.945300
117,02,2,556.329200
117,03,4,276.540300
117,04,8,134.878000
117,05,16,67.998800
117,06,32,34.541000
117,07,64,18.288800
117,08,128,9.378200
117,09,256,4.992800
117,10,512,2.928500
117,11,1024,1.852300
117,12,2048,1.263300
117,13,4096,0.899100
117,14,8192,1.359100
117,15,16384,1.366100
117,16,32768,1.241300
117,17,65536,1.084400
117,18,131072,0.835200
118,01,1,1103.451000
118,02,2,667.137800
118,03,4,266.043800
118,04,8,132.655400
118,05,16,67.734500
118,06,32,34.903100
118,07,64,17.493100
118,08,128,9.177900
118,09,256,4.994700
118,10,512,2.827300
118,11,1024,1.798900
118,12,2048,1.233200
118,13,4096,1.080200
118,14,8192,1.255900
118,15,16384,0.865500
118,16,32768,0.902300
118,17,65536,1.032200
118,18,131072,0.806600
119,01,1,1109.381100
119,02,2,534.056100
119,03,4,278.490300
119,04,8,132.044900
119,05,16,74.125100
119,06,32,34.166100
119,07,64,17.805800
119,08,128,9.144800
119,09,256,4.850000
119,10,512,2.784500
119,11,1024,1.735100
119,12,2048,1.244000
119,13,4096,0.884400
119,14,8192,0.872100
119,15,16384,1.318100
119,16,32768,1.047500
119,17,65536,1.284700
119,18,131072,1.200700
120,01,1,1056.334700
120,02,2,531.832900
120,03,4,269.288900
120,04,8,135.040800
120,05,16,67.297400
120,06,32,33.956500
120,07,64,18.351000
120,08,128,8.983200
120,09,256,4.929000
120,10,512,2.760300
120,11,1024,1.778300
120,12,2048,1.233300
120,13,4096,0.863000
120,14,8192,0.857100
120,15,16384,0.892600
120,16,32768,0.826000
120,17,65536,1.196800
120,18,131072,1.252100
121,01,1,1082.736500
121,02,2,669.357200
121,03,4,266.154900
121,04,8,133.444700
121,05,16,67.255200
121,06,32,35.097100
121,07,64,17.624100
121,08,128,9.176500
121,09,256,5.099200
121,10,512,2.811600
121,11,1024,2.635500
121,12,2048,1.272200
121,13,4096,0.885300
121,14,8192,0.863900
121,15,16384,0.874000
121,16,32768,0.855800
121,17,65536,1.281200
121,18,131072,1.279600
122,01,1,1080.905700
122,02,2,532.720000
122,03,4,268.275400
122,04,8,145.659200
122,05,16,66.597300
122,06,32,35.105100
122,07,64,17.662700
122,08,128,9.462600
122,09,256,5.059100
122,10,512,2.852600
122,11,1024,1.738600
122,12,2048,1.297800
122,13,4096,0.873100
122,14,8192,0.936800
122,15,16384,1.686800
122,16,32768,1.285000
122,17,65536,1.221300
122,18,131072,0.866200
123,01,1,1064.679900
123,02,2,544.795200
123,03,4,278.492000
123,04,8,133.561800
123,05,16,66.608000
123,06,32,34.462600
123,07,64,17.825100
123,08,128,9.594800
123,09,256,5.262300
123,10,512,2.879100
123,11,1024,1.831700
123,12,2048,1.610500
123,13,4096,0.937500
123,14,8192,0.881100
123,15,16384,1.098200
123,16,32768,1.154400
123,17,65536,1.189900
123,18,131072,0.864700
124,01,1,1078.893600
124,02,2,528.024100
124,03,4,269.837500
124,04,8,132.374500
124,05,16,67.211800
124,06,32,34.410300
124,07,64,18.315500
124,08,128,9.365900
124,09,256,5.025700
124,10,512,2.768300
124,11,1024,1.827300
124,12,2048,1.660100
124,13,4096,0.877800
124,14,8192,0.849300
124,15,16384,0.904000
124,16,32768,1.266500
124,17,65536,1.247900
124,18,131072,1.213600
125,01,1,1073.035600
125,02,2,531.724400
125,03,4,274.311400
125,04,8,133.389900
125,05,16,67.061400
125,06,32,34.001800
125,07,64,17.806200
125,08,128,9.178200
125,09,256,4.900500
125,10,512,2.828000
125,11,1024,1.811900
125,12,2048,1.841000
125,13,4096,1.323100
125,14,8192,1.313500
125,15,16384,1.299100
125,16,32768,0.927300
125,17,65536,0.829900
125,18,131072,0.822200
126,01,1,1073.799000
126,02,2,540.290900
126,03,4,272.851500
126,04,8,136.290700
126,05,16,68.938300
126,06,32,34.439300
126,07,64,17.477300
126,08,128,9.069600
126,09,256,4.950300
126,10,512,2.836300
126,11,1024,1.756400
126,12,2048,1.270700
126,13,4096,0.917600
126,14,8192,1.008800
126,15,16384,0.970100
126,16,32768,0.815300
126,17,65536,0.844400
126,18,131072,1.227700
127,01,1,1070.279700
127,02,2,532.548900
127,03,4,276.780500
127,04,8,259.927800
127,05,16,74.713500
127,06,32,36.039100
127,07,64,17.224600
127,08,128,9.103000
127,09,256,4.793100
127,10,512,2.730200
127,11,1024,1.748400
127,12,2048,1.276600
127,13,4096,0.878700
127,14,8192,0.870500
127,15,16384,0.940200
127,16,32768,0.856800
127,17,65536,0.817500
127,18,131072,1.259200
128,01,1,1142.986000
128,02,2,554.066700
128,03,4,265.804000
128,04,8,132.616400
128,05,16,67.303800
128,06,32,34.215700
128,07,64,17.431400
128,08,128,9.378400
128,09,256,4.985900
128,10,512,2.763600
128,11,1024,1.806800
128,12,2048,1.285400
128,13,4096,1.458900
128,14,8192,1.328700
128,15,16384,0.918400
128,16,32768,1.101200
128,17,65536,1.241300
128,18,131072,1.199700
129,01,1,1094.588900
129,02,2,545.283400
129,03,4,267.427700
129,04,8,131.984400
129,05,16,67.171000
129,06,32,34.677100
129,07,64,21.204300
129,08,128,10.496400
129,09,256,4.977500
129,10,512,2.873000
129,11,1024,1.824500
129,12,2048,1.286900
129,13,4096,0.955400
129,14,8192,0.886400
129,15,16384,1.008600
129,16,32768,1.159700
129,17,65536,1.230400
129,18,131072,1.233000
130,01,1,1084.491100
130,02,2,539.365400
130,03,4,271.079600
130,04,8,135.793900
130,05,16,67.573200
130,06,32,34.345300
130,07,64,17.444800
130,08,128,9.132500
130,09,256,5.074100
130,10,512,2.871000
130,11,1024,1.747400
130,12,2048,1.289100
130,13,4096,0.881800
130,14,8192,0.912400
130,15,16384,0.879100
130,16,32768,0.842400
130,17,65536,0.962400
130,18,131072,1.196800
131,01,1,1070.354800
131,02,2,554.823200
131,03,4,296.569500
131,04,8,152.918200
131,05,16,83.144300
131,06,32,41.968300
131,07,64,20.572300
131,08,128,13.514100
131,09,256,5.721800
131,10,512,4.153200
131,11,1024,3.077600
131,12,2048,1.876800
131,13,4096,1.812400
131,14,8192,1.740800
131,15,16384,1.643500
131,16,32768,1.457600
131,17,65536,1.449600
131,18,131072,1.417900
132,01,1,1392.095600
132,02,2,616.357800
132,03,4,292.372000
132,04,8,151.781000
132,05,16,84.107600
132,06,32,43.993300
132,07,64,22.763500
132,08,128,11.235400
132,09,256,5.205400
132,10,512,2.962900
132,11,1024,1.838200
132,12,2048,1.823500
132,13,4096,1.312100
132,14,8192,1.322100
132,15,16384,1.319900
132,16,32768,1.202200
132,17,65536,1.154400
132,18,131072,1.162000
133,01,1,1139.744100
133,02,2,560.565600
133,03,4,277.486800
133,04,8,135.481600
133,05,16,67.372300
133,06,32,34.202700
133,07,64,19.293500
133,08,128,9.335100
133,09,256,5.453000
133,10,512,2.886800
133,11,1024,1.800000
133,12,2048,1.330700
133,13,4096,0.898700
133,14,8192,0.894500
133,15,16384,1.325300
133,16,32768,1.425900
133,17,65536,1.244000
133,18,131072,1.175100
134,01,1,1085.447100
134,02,2,541.761000
134,03,4,270.349700
134,04,8,133.131900
134,05,16,67.111700
134,06,32,34.019800
134,07,64,17.341600
134,08,128,9.162400
134,09,256,4.900600
134,10,512,3.232800
134,11,1024,1.777100
134,12,2048,1.289600
134,13,4096,0.899000
134,14,8192,0.854800
134,15,16384,1.150000
134,16,32768,1.276600
134,17,65536,0.980000
134,18,131072,0.804300
135,01,1,1080.923400
135,02,2,545.638900
135,03,4,273.476500
135,04,8,136.791100
135,05,16,67.761600
135,06,32,36.322500
135,07,64,17.532800
135,08,128,9.150100
135,09,256,5.008800
135,10,512,2.943700
135,11,1024,1.766700
135,12,2048,1.302700
135,13,4096,0.891800
135,14,8192,0.881000
135,15,16384,0.881000
135,16,32768,1.313100
135,17,65536,1.269600
135,18,131072,1.289200
136,01,1,1078.809500
136,02,2,539.676000
136,03,4,276.691100
136,04,8,137.067800
136,05,16,67.582300
136,06,32,34.234200
136,07,64,17.590800
136,08,128,9.758200
136,09,256,4.898700
136,10,512,2.974900
136,11,1024,2.567500
136,12,2048,1.297100
136,13,4096,0.893500
136,14,8192,0.888200
136,15,16384,0.871900
136,16,32768,0.832500
136,17,65536,1.278900
136,18,131072,1.213500
137,01,1,1081.578500
137,02,2,548.120600
137,03,4,268.441200
137,04,8,133.321600
137,05,16,67.272900
137,06,32,34.692000
137,07,64,17.481200
137,08,128,9.150200
137,09,256,4.881300
137,10,512,3.024800
137,11,1024,1.947800
137,12,2048,1.357700
137,13,4096,0.933000
137,14,8192,0.884500
137,15,16384,0.883500
137,16,32768,1.255900
137,17,65536,1.217600
137,18,131072,1.257800
138,01,1,1161.291800
138,02,2,552.765300
138,03,4,266.865100
138,04,8,133.469800
138,05,16,70.323300
138,06,32,34.973400
138,07,64,17.696300
138,08,128,9.242200
138,09,256,5.055500
138,10,512,2.850000
138,11,1024,1.946200
138,12,2048,1.274700
138,13,4096,0.918800
138,14,8192,0.940700
138,15,16384,1.403800
138,16,32768,1.319300
138,17,65536,1.336900
138,18,131072,1.268400
139,01,1,1079.109400
139,02,2,527.838400
139,03,4,270.262400
139,04,8,132.398900
139,05,16,68.755500
139,06,32,153.805200
139,07,64,17.831700
139,08,128,9.191300
139,09,256,5.837700
139,10,512,2.777600
139,11,1024,1.744400
139,12,2048,1.165000
139,13,4096,1.349900
139,14,8192,1.344100
139,15,16384,0.873200
139,16,32768,0.854500
139,17,65536,1.089900
139,18,131072,1.015200
140,01,1,1060.290200
140,02,2,537.507600
140,03,4,270.134500
140,04,8,134.198000
140,05,16,67.205200
140,06,32,35.634700
140,07,64,17.424100
140,08,128,9.370900
140,09,256,5.266500
140,10,512,2.936700
140,11,1024,1.766500
140,12,2048,1.282300
140,13,4096,0.967500
140,14,8192,0.990400
140,15,16384,0.868700
140,16,32768,0.839500
140,17,65536,1.249900
140,18,131072,1.232300
141,01,1,1076.893300
141,02,2,535.664600
141,03,4,285.063900
141,04,8,134.018900
141,05,16,67.712700
141,06,32,34.285200
141,07,64,17.447800
141,08,128,9.154800
141,09,256,5.051100
141,10,512,2.779600
141,11,1024,1.823700
141,12,2048,1.275500
141,13,4096,0.873200
141,14,8192,1.388500
141,15,16384,1.321400
141,16,32768,1.328100
141,17,65536,0.847900
141,18,131072,1.205800
142,01,1,1067.326000
142,02,2,549.030400
142,03,4,270.354600
142,04,8,133.335600
142,05,16,68.402400
142,06,32,34.074800
142,07,64,17.440600
142,08,128,9.178000
142,09,256,4.918200
142,10,512,2.802700
142,11,1024,1.777900
142,12,2048,1.240800
142,13,4096,0.873100
142,14,8192,1.363900
142,15,16384,1.291600
142,16,32768,1.318900
142,17,65536,1.230800
142,18,131072,1.225000
143,01,1,1070.070000
143,02,2,536.634600
143,03,4,276.598600
143,04,8,132.179100
143,05,16,67.844000
143,06,32,34.347700
143,07,64,17.840400
143,08,128,9.282500
143,09,256,5.142200
143,10,512,2.850900
143,11,1024,1.740100
143,12,2048,1.223300
143,13,4096,1.301100
143,14,8192,1.328900
143,15,16384,1.313000
143,16,32768,1.255400
143,17,65536,0.885100
143,18,131072,1.211000
144,01,1,1253.935800
144,02,2,528.798500
144,03,4,284.543200
144,04,8,132.188800
144,05,16,67.492700
144,06,32,35.125200
144,07,64,17.372200
144,08,128,9.111500
144,09,256,4.818000
144,10,512,2.822200
144,11,1024,1.760200
144,12,2048,1.271000
144,13,4096,0.938000
144,14,8192,0.963200
144,15,16384,0.888600
144,16,32768,1.228900
144,17,65536,1.248000
144,18,131072,1.205600
145,01,1,1087.662900
145,02,2,541.885700
145,03,4,268.830700
145,04,8,132.770100
145,05,16,66.834000
145,06,32,34.921500
145,07,64,18.244600
145,08,128,9.378000
145,09,256,4.999400
145,10,512,2.813500
145,11,1024,1.822500
145,12,2048,1.250700
145,13,4096,0.874000
145,14,8192,1.080300
145,15,16384,0.904800
145,16,32768,0.870800
145,17,65536,0.796800
145,18,131072,0.901500
146,01,1,1121.367700
146,02,2,537.691100
146,03,4,267.052400
146,04,8,141.564800
146,05,16,71.730500
146,06,32,35.263300
146,07,64,17.360000
146,08,128,9.167000
146,09,256,4.814000
146,10,512,2.892400
146,11,1024,1.790800
146,12,2048,1.374800
146,13,4096,0.856800
146,14,8192,0.902100
146,15,16384,1.302300
146,16,32768,1.062300
146,17,65536,0.782700
146,18,131072,1.087500
147,01,1,1057.226400
147,02,2,535.937100
147,03,4,269.973900
147,04,8,134.257000
147,05,16,66.937500
147,06,32,38.304100
147,07,64,17.994400
147,08,128,9.245600
147,09,256,5.187600
147,10,512,2.792300
147,11,1024,1.768200
147,12,2048,1.248400
147,13,4096,1.361000
147,14,8192,1.324600
147,15,16384,1.402200
147,16,32768,1.305900
147,17,65536,1.261000
147,18,131072,1.041500
148,01,1,1065.616500
148,02,2,627.140600
148,03,4,269.177800
148,04,8,133.305700
148,05,16,66.725400
148,06,32,34.455600
148,07,64,17.334600
148,08,128,8.983200
148,09,256,4.916800
148,10,512,2.782700
148,11,1024,1.640300
148,12,2048,1.179100
148,13,4096,0.886900
148,14,8192,1.311900
148,15,16384,1.369100
148,16,32768,1.213100
148,17,65536,0.861500
148,18,131072,0.897800
149,01,1,1360.482200
149,02,2,541.197700
149,03,4,268.358400
149,04,8,132.386500
149,05,16,67.353800
149,06,32,34.106500
149,07,64,17.574700
149,08,128,9.240800
149,09,256,4.804200
149,10,512,2.787100
149,11,1024,1.736300
149,12,2048,1.219000
149,13,4096,1.156500
149,14,8192,1.239600
149,15,16384,1.323900
149,16,32768,1.244900
149,17,65536,1.131200
149,18,131072,0.823100
150,01,1,1083.894400
150,02,2,532.974500
150,03,4,272.305000
150,04,8,133.145700
150,05,16,247.204500
150,06,32,34.080600
150,07,64,17.383900
150,08,128,9.068500
150,09,256,4.953700
150,10,512,2.823600
150,11,1024,1.773800
150,12,2048,1.308700
150,13,4096,0.888500
150,14,8192,0.905100
150,15,16384,0.870400
150,16,32768,0.838100
150,17,65536,1.379500
150,18,131072,1.211800
151,01,1,1063.872200
151,02,2,580.322300
151,03,4,267.255700
151,04,8,132.764100
151,05,16,68.365800
151,06,32,34.780100
151,07,64,17.678300
151,08,128,9.098300
151,09,256,5.213900
151,10,512,3.008600
151,11,1024,1.707300
151,12,2048,1.256600
151,13,4096,1.338100
151,14,8192,0.882800
151,15,16384,0.877400
151,16,32768,0.834700
151,17,65536,1.227800
151,18,131072,1.245600
152,01,1,1075.179900
152,02,2,603.843400
152,03,4,269.821700
152,04,8,133.271600
152,05,16,66.994500
152,06,32,34.347700
152,07,64,17.341200
152,08,128,9.136200
152,09,256,4.860800
152,10,512,2.821400
152,11,1024,1.814300
152,12,2048,1.257200
152,13,4096,0.868800
152,14,8192,1.010000
152,15,16384,0.991100
152,16,32768,0.867900
152,17,65536,1.228200
152,18,131072,1.015200
153,01,1,1076.937200
153,02,2,528.984600
153,03,4,268.738700
153,04,8,135.104300
153,05,16,67.947200
153,06,32,33.999400
153,07,64,17.519000
153,08,128,8.976400
153,09,256,4.994500
153,10,512,2.748800
153,11,1024,1.671000
153,12,2048,1.168600
153,13,4096,0.856500
153,14,8192,0.876200
153,15,16384,0.869900
153,16,32768,0.837000
153,17,65536,1.309100
153,18,131072,1.271000
154,01,1,1060.057400
154,02,2,666.632700
154,03,4,266.032800
154,04,8,135.414800
154,05,16,68.959900
154,06,32,34.330600
154,07,64,18.208100
154,08,128,9.085400
154,09,256,5.031000
154,10,512,2.700100
154,11,1024,1.672500
154,12,2048,1.245200
154,13,4096,0.857800
154,14,8192,0.851600
154,15,16384,0.932700
154,16,32768,0.849800
154,17,65536,0.813600
154,18,131072,1.172900
155,01,1,1070.804800
155,02,2,529.477300
155,03,4,269.484300
155,04,8,132.821600
155,05,16,66.652700
155,06,32,34.407700
155,07,64,17.214800
155,08,128,9.153300
155,09,256,4.830100
155,10,512,2.793100
155,11,1024,1.928900
155,12,2048,1.298600
155,13,4096,0.923700
155,14,8192,1.338700
155,15,16384,1.316800
155,16,32768,1.259900
155,17,65536,1.223300
155,18,131072,1.248200
156,01,1,1138.504100
156,02,2,529.154600
156,03,4,265.998900
156,04,8,132.719900
156,05,16,67.547100
156,06,32,34.159200
156,07,64,17.331500
156,08,128,9.514200
156,09,256,5.847700
156,10,512,3.432400
156,11,1024,1.985900
156,12,2048,1.259600
156,13,4096,0.869800
156,14,8192,1.390600
156,15,16384,1.324600
156,16,32768,1.248800
156,17,65536,1.221200
156,18,131072,1.115600
157,01,1,1074.192100
157,02,2,1015.345100
157,03,4,266.832500
157,04,8,135.382600
157,05,16,67.147300
157,06,32,34.143900
157,07,64,17.341500
157,08,128,9.232700
157,09,256,4.983400
157,10,512,2.907600
157,11,1024,1.770300
157,12,2048,1.292300
157,13,4096,0.872100
157,14,8192,0.914800
157,15,16384,0.915900
157,16,32768,0.850300
157,17,65536,0.815000
157,18,131072,0.980100
158,01,1,1182.279300
158,02,2,548.974700
158,03,4,266.033700
158,04,8,132.473800
158,05,16,67.509500
158,06,32,34.483700
158,07,64,17.557900
158,08,128,9.134000
158,09,256,4.883200
158,10,512,2.870900
158,11,1024,1.687600
158,12,2048,1.134800
158,13,4096,0.895500
158,14,8192,1.205600
158,15,16384,0.851300
158,16,32768,0.846200
158,17,65536,0.814300
158,18,131072,0.784500
159,01,1,1078.009600
159,02,2,527.754100
159,03,4,271.686300
159,04,8,133.554500
159,05,16,66.962000
159,06,32,33.743700
159,07,64,17.922300
159,08,128,9.290400
159,09,256,5.269800
159,10,512,3.047300
159,11,1024,1.902700
159,12,2048,1.228000
159,13,4096,1.379500
159,14,8192,1.335800
159,15,16384,1.149100
159,16,32768,1.250300
159,17,65536,1.218400
159,18,131072,1.247700
160,01,1,1069.987500
160,02,2,563.992000
160,03,4,276.752100
160,04,8,133.357400
160,05,16,68.993500
160,06,32,34.731900
160,07,64,18.067500
160,08,128,9.459000
160,09,256,5.112500
160,10,512,2.902100
160,11,1024,1.885300
160,12,2048,1.312300
160,13,4096,0.900700
160,14,8192,0.932700
160,15,16384,1.311800
160,16,32768,1.299200
160,17,65536,1.322900
160,18,131072,1.340400
161,01,1,1100.976300
161,02,2,556.492300
161,03,4,268.889300
161,04,8,133.973500
161,05,16,67.312000
161,06,32,33.970500
161,07,64,17.919400
161,08,128,9.346000
161,09,256,4.972800
161,10,512,2.813100
161,11,1024,1.882800
161,12,2048,1.308200
161,13,4096,0.926600
161,14,8192,1.564000
161,15,16384,0.935500
161,16,32768,0.858800
161,17,65536,0.825200
161,18,131072,0.832200
162,01,1,1090.338700
162,02,2,528.445500
162,03,4,267.942500
162,04,8,132.068600
162,05,16,68.972600
162,06,32,38.092900
162,07,64,17.529900
162,08,128,9.083600
162,09,256,5.062000
162,10,512,2.762200
162,11,1024,1.732700
162,12,2048,1.292100
162,13,4096,0.882300
162,14,8192,0.882200
162,15,16384,0.864600
162,16,32768,0.873100
162,17,65536,1.229900
162,18,131072,1.270200
163,01,1,1067.295400
163,02,2,543.743500
163,03,4,274.516500
163,04,8,132.705800
163,05,16,68.279300
163,06,32,34.175200
163,07,64,17.305000
163,08,128,9.066900
163,09,256,4.999600
163,10,512,2.701800
163,11,1024,1.699800
163,12,2048,1.298300
163,13,4096,0.858400
163,14,8192,0.891400
163,15,16384,0.932600
163,16,32768,0.828900
163,17,65536,0.807200
163,18,131072,0.845400
164,01,1,1073.682900
164,02,2,533.955200
164,03,4,273.182400
164,04,8,136.507800
164,05,16,67.782200
164,06,32,34.419100
164,07,64,17.489500
164,08,128,9.130200
164,09,256,4.854200
164,10,512,2.710500
164,11,1024,1.672900
164,12,2048,1.657300
164,13,4096,0.942800
164,14,8192,1.072900
164,15,16384,0.940100
164,16,32768,0.809900
164,17,65536,0.840300
164,18,131072,0.845100
165,01,1,1073.742900
165,02,2,535.367000
165,03,4,270.057900
165,04,8,133.335100
165,05,16,67.281700
165,06,32,34.210800
165,07,64,17.341800
165,08,128,9.084900
165,09,256,4.941200
165,10,512,2.872400
165,11,1024,1.754100
165,12,2048,1.296300
165,13,4096,0.886000
165,14,8192,1.116500
165,15,16384,0.940100
165,16,32768,0.828000
165,17,65536,0.805900
165,18,131072,0.833100
166,01,1,1072.122600
166,02,2,550.125500
166,03,4,267.189000
166,04,8,132.898200
166,05,16,67.624100
166,06,32,72.670500
166,07,64,17.967100
166,08,128,9.049100
166,09,256,4.858900
166,10,512,2.767900
166,11,1024,1.754300
166,12,2048,1.307700
166,13,4096,0.871500
166,14,8192,1.313200
166,15,16384,1.320500
166,16,32768,1.242400
166,17,65536,1.210000
166,18,131072,1.231100
167,01,1,1074.098400
167,02,2,535.636500
167,03,4,268.928300
167,04,8,141.747700
167,05,16,71.614700
167,06,32,34.024600
167,07,64,17.770500
167,08,128,9.301000
167,09,256,4.973000
167,10,512,2.785200
167,11,1024,1.873600
167,12,2048,1.388500
167,13,4096,0.879500
167,14,8192,0.909700
167,15,16384,0.868500
167,16,32768,0.847100
167,17,65536,0.910200
167,18,131072,1.294900
168,01,1,1063.670600
168,02,2,543.018000
168,03,4,275.626400
168,04,8,133.612800
168,05,16,66.616400
168,06,32,33.818400
168,07,64,17.449100
168,08,128,8.974000
168,09,256,5.154200
168,10,512,2.814500
168,11,1024,1.752000
168,12,2048,1.278200
168,13,4096,0.873900
168,14,8192,1.302300
168,15,16384,0.957200
168,16,32768,1.125900
168,17,65536,0.801600
168,18,131072,1.207300
169,01,1,1082.545200
169,02,2,536.240100
169,03,4,388.302300
169,04,8,135.274100
169,05,16,69.700600
169,06,32,38.715800
169,07,64,18.443100
169,08,128,9.123100
169,09,256,4.993400
169,10,512,2.792500
169,11,1024,1.670700
169,12,2048,1.252900
169,13,4096,1.338400
169,14,8192,1.291800
169,15,16384,1.341200
169,16,32768,1.252500
169,17,65536,1.110200
169,18,131072,0.818600
170,01,1,1064.041800
170,02,2,546.596500
170,03,4,273.803000
170,04,8,133.974100
170,05,16,67.026400
170,06,32,34.280600
170,07,64,17.410400
170,08,128,9.163100
170,09,256,4.916600
170,10,512,2.805900
170,11,1024,1.779200
170,12,2048,1.264900
170,13,4096,0.904900
170,14,8192,0.865900
170,15,16384,0.882300
170,16,32768,0.890400
170,17,65536,0.816100
170,18,131072,1.287000
171,01,1,1070.199800
171,02,2,541.367300
171,03,4,270.896500
171,04,8,132.023800
171,05,16,67.895900
171,06,32,34.731300
171,07,64,18.422300
171,08,128,9.856300
171,09,256,5.764600
171,10,512,3.056700
171,11,1024,1.846600
171,12,2048,1.506400
171,13,4096,0.884100
171,14,8192,0.883200
171,15,16384,1.365700
171,16,32768,1.297200
171,17,65536,1.710800
171,18,131072,1.348400
172,01,1,1072.509800
172,02,2,532.868100
172,03,4,267.603200
172,04,8,152.005100
172,05,16,66.741300
172,06,32,33.971300
172,07,64,17.218400
172,08,128,9.138100
172,09,256,5.048300
172,10,512,2.775900
172,11,1024,1.763400
172,12,2048,1.338100
172,13,4096,0.874300
172,14,8192,1.296600
172,15,16384,1.379300
172,16,32768,0.870200
172,17,65536,1.195300
172,18,131072,1.216000
173,01,1,1073.784400
173,02,2,542.645900
173,03,4,268.162200
173,04,8,131.742500
173,05,16,67.667200
173,06,32,34.176100
173,07,64,17.606200
173,08,128,9.072200
173,09,256,4.969800
173,10,512,2.770400
173,11,1024,1.758900
173,12,2048,1.302300
173,13,4096,1.342200
173,14,8192,1.348800
173,15,16384,1.281700
173,16,32768,1.261400
173,17,65536,1.208100
173,18,131072,1.247900
174,01,1,1066.028800
174,02,2,533.068700
174,03,4,282.211600
174,04,8,138.010700
174,05,16,69.231500
174,06,32,34.638100
174,07,64,17.436300
174,08,128,9.289600
174,09,256,4.877900
174,10,512,2.822400
174,11,1024,1.775100
174,12,2048,1.278700
174,13,4096,0.877700
174,14,8192,1.008900
174,15,16384,0.903400
174,16,32768,0.830100
174,17,65536,0.794500
174,18,131072,1.054200
175,01,1,1066.790500
175,02,2,534.155200
175,03,4,267.904200
175,04,8,144.318600
175,05,16,67.180000
175,06,32,33.838100
175,07,64,18.037200
175,08,128,9.221600
175,09,256,4.904600
175,10,512,2.850600
175,11,1024,1.763800
175,12,2048,1.268400
175,13,4096,0.861500
175,14,8192,0.870500
175,15,16384,1.156700
175,16,32768,0.891400
175,17,65536,0.863200
175,18,131072,0.849100
176,01,1,1120.165000
176,02,2,536.131100
176,03,4,267.666200
176,04,8,134.309500
176,05,16,67.412400
176,06,32,34.734000
176,07,64,17.148100
176,08,128,8.907200
176,09,256,5.020500
176,10,512,2.686300
176,11,1024,1.692400
176,12,2048,1.670400
176,13,4096,1.327500
176,14,8192,1.287600
176,15,16384,1.323600
176,16,32768,1.050800
176,17,65536,0.810800
176,18,131072,0.835400
177,01,1,1081.041500
177,02,2,540.905600
177,03,4,265.324000
177,04,8,234.374400
177,05,16,66.632900
177,06,32,34.145700
177,07,64,18.036200
177,08,128,9.397600
177,09,256,4.957000
177,10,512,2.880200
177,11,1024,1.766000
177,12,2048,1.288900
177,13,4096,0.965500
177,14,8192,0.864500
177,15,16384,0.880200
177,16,32768,0.829200
177,17,65536,1.147200
177,18,131072,0.805400
178,01,1,1065.724400
178,02,2,537.651300
178,03,4,276.764500
178,04,8,132.498200
178,05,16,66.861400
178,06,32,34.043500
178,07,64,17.352500
178,08,128,8.971600
178,09,256,5.093800
178,10,512,2.826400
178,11,1024,1.663800
178,12,2048,1.375100
178,13,4096,0.872000
178,14,8192,0.861400
178,15,16384,0.935600
178,16,32768,0.901700
178,17,65536,0.886100
178,18,131072,1.268900
179,01,1,1187.492600
179,02,2,593.414500
179,03,4,266.350200
179,04,8,133.454400
179,05,16,66.735700
179,06,32,34.174300
179,07,64,17.176700
179,08,128,8.967300
179,09,256,4.843000
179,10,512,2.762400
179,11,1024,1.713800
179,12,2048,1.257000
179,13,4096,0.860600
179,14,8192,0.879600
179,15,16384,0.858300
179,16,32768,1.262600
179,17,65536,1.192400
179,18,131072,1.217800
180,01,1,1079.281900
180,02,2,532.497800
180,03,4,268.631600
180,04,8,136.790100
180,05,16,67.358800
180,06,32,34.650100
180,07,64,17.324400
180,08,128,9.163300
180,09,256,4.829000
180,10,512,3.085900
180,11,1024,1.953500
180,12,2048,1.256900
180,13,4096,0.867000
180,14,8192,0.930300
180,15,16384,1.364000
180,16,32768,1.248300
180,17,65536,1.087200
180,18,131072,0.898500
181,01,1,1068.664700
181,02,2,638.248500
181,03,4,276.464500
181,04,8,132.771800
181,05,16,66.997800
181,06,32,34.824800
181,07,64,17.569100
181,08,128,9.125800
181,09,256,4.812900
181,10,512,2.866000
181,11,1024,1.718400
181,12,2048,1.738300
181,13,4096,1.308000
181,14,8192,0.876200
181,15,16384,0.859800
181,16,32768,0.888500
181,17,65536,0.830900
181,18,131072,0.802500
182,01,1,1079.070300
182,02,2,532.655900
182,03,4,390.732500
182,04,8,134.074500
182,05,16,72.093700
182,06,32,34.616200
182,07,64,19.808900
182,08,128,9.315100
182,09,256,5.071600
182,10,512,2.835500
182,11,1024,1.776800
182,12,2048,1.263600
182,13,4096,0.862000
182,14,8192,0.861700
182,15,16384,0.858000
182,16,32768,0.851000
182,17,65536,1.272400
182,18,131072,1.237000
183,01,1,1075.295100
183,02,2,538.973300
183,03,4,275.148500
183,04,8,133.910100
183,05,16,71.357900
183,06,32,35.421300
183,07,64,17.730000
183,08,128,9.158000
183,09,256,4.926700
183,10,512,3.277400
183,11,1024,1.804200
183,12,2048,1.245100
183,13,4096,0.978400
183,14,8192,0.854700
183,15,16384,0.870100
183,16,32768,1.287000
183,17,65536,1.220000
183,18,131072,1.376200
184,01,1,1072.092600
184,02,2,548.255000
184,03,4,271.826100
184,04,8,131.890000
184,05,16,66.550100
184,06,32,34.000600
184,07,64,17.513300
184,08,128,9.231800
184,09,256,4.972200
184,10,512,2.853200
184,11,1024,1.748100
184,12,2048,1.389000
184,13,4096,0.924000
184,14,8192,0.869400
184,15,16384,0.873600
184,16,32768,1.173900
184,17,65536,0.827500
184,18,131072,1.245800
185,01,1,1079.889700
185,02,2,537.343400
185,03,4,277.799700
185,04,8,133.572700
185,05,16,68.286600
185,06,32,34.390900
185,07,64,17.281400
185,08,128,9.519700
185,09,256,5.072100
185,10,512,2.782900
185,11,1024,1.745100
185,12,2048,1.306700
185,13,4096,0.916600
185,14,8192,0.865200
185,15,16384,0.933400
185,16,32768,1.258200
185,17,65536,1.243700
185,18,131072,1.219600
186,01,1,1065.642600
186,02,2,536.214900
186,03,4,269.888000
186,04,8,133.712900
186,05,16,67.404400
186,06,32,37.989900
186,07,64,20.057000
186,08,128,9.440200
186,09,256,5.258000
186,10,512,3.142200
186,11,1024,1.770600
186,12,2048,1.284400
186,13,4096,0.874800
186,14,8192,1.207000
186,15,16384,0.866300
186,16,32768,0.844100
186,17,65536,0.880300
186,18,131072,0.893300
187,01,1,1070.614700
187,02,2,669.945400
187,03,4,268.776600
187,04,8,132.977700
187,05,16,66.801100
187,06,32,34.054400
187,07,64,17.299400
187,08,128,9.069100
187,09,256,4.901100
187,10,512,2.779500
187,11,1024,1.855800
187,12,2048,1.340700
187,13,4096,0.877900
187,14,8192,0.866200
187,15,16384,0.952100
187,16,32768,0.844300
187,17,65536,0.838300
187,18,131072,1.227500
188,01,1,1080.794700
188,02,2,529.060300
188,03,4,267.540000
188,04,8,136.517900
188,05,16,66.753900
188,06,32,33.926700
188,07,64,18.370200
188,08,128,8.937900
188,09,256,4.770600
188,10,512,2.827100
188,11,1024,1.679100
188,12,2048,1.974900
188,13,4096,1.222900
188,14,8192,0.910000
188,15,16384,0.917700
188,16,32768,1.283400
188,17,65536,1.225000
188,18,131072,1.323500
189,01,1,1061.131300
189,02,2,549.002500
189,03,4,268.759300
189,04,8,133.761800
189,05,16,67.605100
189,06,32,33.956400
189,07,64,17.185900
189,08,128,9.111600
189,09,256,4.825400
189,10,512,2.670400
189,11,1024,1.700000
189,12,2048,1.239400
189,13,4096,0.859700
189,14,8192,0.870000
189,15,16384,0.863800
189,16,32768,0.843800
189,17,65536,0.807900
189,18,131072,0.798300
190,01,1,1083.972600
190,02,2,529.839900
190,03,4,291.081300
190,04,8,135.234900
190,05,16,66.872900
190,06,32,33.945200
190,07,64,18.290100
190,08,128,9.812200
190,09,256,4.905200
190,10,512,3.464600
190,11,1024,1.825600
190,12,2048,1.275400
190,13,4096,0.864900
190,14,8192,0.877900
190,15,16384,0.868200
190,16,32768,0.833900
190,17,65536,1.216900
190,18,131072,0.857600
191,01,1,1076.443500
191,02,2,562.416000
191,03,4,267.609500
191,04,8,145.335900
191,05,16,67.107100
191,06,32,34.089000
191,07,64,17.353200
191,08,128,9.247900
191,09,256,4.947800
191,10,512,2.770600
191,11,1024,1.737100
191,12,2048,1.314300
191,13,4096,0.909800
191,14,8192,1.031700
191,15,16384,0.947700
191,16,32768,0.836000
191,17,65536,0.828400
191,18,131072,1.283200
192,01,1,1078.065900
192,02,2,547.881500
192,03,4,265.126400
192,04,8,131.384800
192,05,16,68.539700
192,06,32,33.674800
192,07,64,17.269700
192,08,128,9.202600
192,09,256,4.800300
192,10,512,2.942700
192,11,1024,1.799700
192,12,2048,1.251100
192,13,4096,0.881900
192,14,8192,0.866300
192,15,16384,0.849700
192,16,32768,1.313200
192,17,65536,1.209000
192,18,131072,1.253800
193,01,1,1092.893700
193,02,2,532.208600
193,03,4,274.370900
193,04,8,134.533200
193,05,16,67.433200
193,06,32,34.604800
193,07,64,17.323300
193,08,128,9.227900
193,09,256,4.880900
193,10,512,2.951600
193,11,1024,1.770900
193,12,2048,1.240400
193,13,4096,0.868300
193,14,8192,1.327200
193,15,16384,1.327000
193,16,32768,1.027900
193,17,65536,0.905600
193,18,131072,0.839800
194,01,1,1187.379700
194,02,2,531.817000
194,03,4,271.880600
194,04,8,134.746000
194,05,16,66.676000
194,06,32,34.127500
194,07,64,17.400400
194,08,128,8.969100
194,09,256,4.981500
194,10,512,2.727000
194,11,1024,1.688300
194,12,2048,1.334800
194,13,4096,0.907300
194,14,8192,0.923300
194,15,16384,0.866800
194,16,32768,0.825800
194,17,65536,0.840300
194,18,131072,0.916400
195,01,1,1110.129300
195,02,2,661.736100
195,03,4,268.849600
195,04,8,135.931600
195,05,16,71.036200
195,06,32,34.516000
195,07,64,17.504800
195,08,128,9.111900
195,09,256,4.966400
195,10,512,3.042200
195,11,1024,1.931200
195,12,2048,1.823400
195,13,4096,0.914400
195,14,8192,1.334100
195,15,16384,1.392600
195,16,32768,1.253800
195,17,65536,1.263800
195,18,131072,0.840400
196,01,1,1133.063600
196,02,2,683.147100
196,03,4,273.749500
196,04,8,134.019800
196,05,16,67.295000
196,06,32,34.196700
196,07,64,17.508600
196,08,128,9.366100
196,09,256,4.933400
196,10,512,2.773800
196,11,1024,1.744200
196,12,2048,1.268400
196,13,4096,0.929500
196,14,8192,0.865500
196,15,16384,1.312800
196,16,32768,1.307400
196,17,65536,1.241600
196,18,131072,0.819400
197,01,1,1066.172500
197,02,2,559.814500
197,03,4,270.692000
197,04,8,133.506900
197,05,16,68.566300
197,06,32,34.061000
197,07,64,17.477300
197,08,128,9.193700
197,09,256,4.912500
197,10,512,2.820600
197,11,1024,1.813300
197,12,2048,1.246600
197,13,4096,0.919300
197,14,8192,0.874600
197,15,16384,1.337000
197,16,32768,1.361600
197,17,65536,1.303200
197,18,131072,1.283300
198,01,1,1158.665500
198,02,2,604.195000
198,03,4,271.705500
198,04,8,136.241900
198,05,16,67.200900
198,06,32,34.107400
198,07,64,17.476500
198,08,128,9.007000
198,09,256,4.737800
198,10,512,2.664500
198,11,1024,1.651600
198,12,2048,1.149800
198,13,4096,0.877900
198,14,8192,1.223600
198,15,16384,0.907300
198,16,32768,0.854500
198,17,65536,1.230700
198,18,131072,1.231600
199,01,1,1089.434600
199,02,2,526.323700
199,03,4,269.641300
199,04,8,139.674900
199,05,16,66.956500
199,06,32,34.515600
199,07,64,17.512900
199,08,128,9.058100
199,09,256,4.903200
199,10,512,2.754300
199,11,1024,1.714000
199,12,2048,1.896900
199,13,4096,1.339400
199,14,8192,0.881500
199,15,16384,1.304400
199,16,32768,1.270200
199,17,65536,1.223600
199,18,131072,1.229200
200,01,1,1073.125900
200,02,2,540.555500
200,03,4,266.921400
200,04,8,135.002000
200,05,16,67.019800
200,06,32,34.265400
200,07,64,17.367500
200,08,128,9.332400
200,09,256,4.852800
200,10,512,2.904100
200,11,1024,1.815100
200,12,2048,1.263300
200,13,4096,0.883800
200,14,8192,0.888000
200,15,16384,0.872800
200,16,32768,0.857700
200,17,65536,0.883000
200,18,131072,0.806800
201,01,1,1074.498100
201,02,2,529.055600
201,03,4,396.151100
201,04,8,132.567000
201,05,16,67.216900
201,06,32,34.186100
201,07,64,17.426300
201,08,128,9.188800
201,09,256,4.935100
201,10,512,2.756500
201,11,1024,1.763400
201,12,2048,1.482600
201,13,4096,0.933700
201,14,8192,0.864200
201,15,16384,0.896100
201,16,32768,0.855600
201,17,65536,0.804900
201,18,131072,0.938400
202,01,1,1062.271700
202,02,2,532.012200
202,03,4,267.953600
202,04,8,133.878600
202,05,16,67.379200
202,06,32,50.458200
202,07,64,17.343800
202,08,128,9.337300
202,09,256,5.018900
202,10,512,2.907400
202,11,1024,1.773500
202,12,2048,1.299300
202,13,4096,0.890200
202,14,8192,0.868300
202,15,16384,1.252500
202,16,32768,1.248000
202,17,65536,1.176900
202,18,131072,1.236100
203,01,1,1068.773800
203,02,2,535.017400
203,03,4,269.708900
203,04,8,132.802300
203,05,16,68.523400
203,06,32,34.279200
203,07,64,17.617500
203,08,128,9.877500
203,09,256,4.903300
203,10,512,2.922200
203,11,1024,1.957800
203,12,2048,1.237800
203,13,4096,0.886400
203,14,8192,0.889700
203,15,16384,0.875200
203,16,32768,0.898000
203,17,65536,1.259400
203,18,131072,1.426400
204,01,1,1081.362000
204,02,2,536.406600
204,03,4,269.875800
204,04,8,136.425200
204,05,16,67.500300
204,06,32,34.174700
204,07,64,17.296900
204,08,128,8.979700
204,09,256,4.976800
204,10,512,2.682300
204,11,1024,1.671800
204,12,2048,1.234800
204,13,4096,0.870300
204,14,8192,1.287000
204,15,16384,1.355000
204,16,32768,1.234000
204,17,65536,0.836000
204,18,131072,0.808400
205,01,1,1055.406300
205,02,2,571.938400
205,03,4,268.814600
205,04,8,143.305800
205,05,16,66.459400
205,06,32,33.820900
205,07,64,17.309500
205,08,128,9.142900
205,09,256,4.826100
205,10,512,2.807200
205,11,1024,1.779900
205,12,2048,1.265300
205,13,4096,0.930500
205,14,8192,0.866200
205,15,16384,0.864300
205,16,32768,1.034600
205,17,65536,0.857100
205,18,131072,0.842400
206,01,1,1065.178200
206,02,2,549.460600
206,03,4,267.043100
206,04,8,134.391000
206,05,16,67.160500
206,06,32,34.092800
206,07,64,17.633100
206,08,128,9.051000
206,09,256,5.070300
206,10,512,2.776000
206,11,1024,1.776300
206,12,2048,1.305300
206,13,4096,0.902500
206,14,8192,1.319500
206,15,16384,1.343600
206,16,32768,1.250400
206,17,65536,1.217400
206,18,131072,1.205500
207,01,1,1073.833000
207,02,2,531.903900
207,03,4,266.901700
207,04,8,133.313700
207,05,16,72.365300
207,06,32,33.917100
207,07,64,17.287000
207,08,128,9.203500
207,09,256,4.943200
207,10,512,2.773100
207,11,1024,1.776700
207,12,2048,1.349400
207,13,4096,0.891400
207,14,8192,0.858400
207,15,16384,0.873900
207,16,32768,0.889800
207,17,65536,1.259700
207,18,131072,1.495800
208,01,1,1060.865500
208,02,2,549.641300
208,03,4,265.812900
208,04,8,133.018100
208,05,16,67.751000
208,06,32,34.169400
208,07,64,17.249500
208,08,128,8.958500
208,09,256,4.955700
208,10,512,2.833000
208,11,1024,1.626400
208,12,2048,1.166200
208,13,4096,0.881400
208,14,8192,1.380700
208,15,16384,1.306000
208,16,32768,1.246500
208,17,65536,0.809600
208,18,131072,1.243000
209,01,1,1068.309100
209,02,2,530.387100
209,03,4,284.723400
209,04,8,132.878100
209,05,16,67.928400
209,06,32,33.964500
209,07,64,17.351000
209,08,128,9.043400
209,09,256,4.810200
209,10,512,2.756800
209,11,1024,1.818600
209,12,2048,1.194600
209,13,4096,0.874000
209,14,8192,0.887600
209,15,16384,0.861900
209,16,32768,1.255700
209,17,65536,1.232700
209,18,131072,1.223800
210,01,1,1075.893400
210,02,2,537.941000
210,03,4,266.501300
210,04,8,132.400200
210,05,16,67.945600
210,06,32,34.491200
210,07,64,17.827200
210,08,128,9.180100
210,09,256,5.080100
210,10,512,2.774200
210,11,1024,1.781700
210,12,2048,1.842700
210,13,4096,1.414300
210,14,8192,0.912800
210,15,16384,0.911600
210,16,32768,0.872900
210,17,65536,1.232000
210,18,131072,1.282300
211,01,1,1078.937300
211,02,2,534.096200
211,03,4,268.112200
211,04,8,133.280800
211,05,16,67.910400
211,06,32,40.176500
211,07,64,17.771900
211,08,128,9.339700
211,09,256,5.020700
211,10,512,2.844900
211,11,1024,1.803100
211,12,2048,1.295100
211,13,4096,0.996600
211,14,8192,0.919400
211,15,16384,0.873600
211,16,32768,1.149200
211,17,65536,0.812500
211,18,131072,1.225000
212,01,1,1133.396700
212,02,2,531.322200
212,03,4,275.839000
212,04,8,133.037500
212,05,16,71.245300
212,06,32,34.300300
212,07,64,17.373700
212,08,128,8.978900
212,09,256,4.802200
212,10,512,2.847800
212,11,1024,1.792300
212,12,2048,1.251100
212,13,4096,1.309900
212,14,8192,0.850500
212,15,16384,1.307600
212,16,32768,1.166400
212,17,65536,0.798200
212,18,131072,0.801900
213,01,1,1065.966400
213,02,2,532.956700
213,03,4,269.363700
213,04,8,132.598800
213,05,16,68.068700
213,06,32,35.261600
213,07,64,17.311700
213,08,128,9.210400
213,09,256,4.985300
213,10,512,2.802200
213,11,1024,1.780000
213,12,2048,1.275900
213,13,4096,0.869500
213,14,8192,0.913100
213,15,16384,0.874200
213,16,32768,1.163500
213,17,65536,1.015000
213,18,131072,0.947000
214,01,1,1074.716500
214,02,2,527.390800
214,03,4,270.425000
214,04,8,132.500500
214,05,16,66.745800
214,06,32,34.161700
214,07,64,17.220700
214,08,128,9.534700
214,09,256,5.307200
214,10,512,2.878900
214,11,1024,1.748700
214,12,2048,1.326700
214,13,4096,0.904200
214,14,8192,0.890900
214,15,16384,0.876200
214,16,32768,1.293700
214,17,65536,1.182000
214,18,131072,1.200000
215,01,1,1064.136600
215,02,2,546.247400
215,03,4,267.629500
215,04,8,133.633200
215,05,16,66.807600
215,06,32,34.493000
215,07,64,17.434500
215,08,128,9.133300
215,09,256,5.158200
215,10,512,2.784400
215,11,1024,1.789400
215,12,2048,1.300200
215,13,4096,0.859800
215,14,8192,0.907300
215,15,16384,0.917200
215,16,32768,0.852600
215,17,65536,0.878800
215,18,131072,1.190300
216,01,1,1065.198600
216,02,2,546.020300
216,03,4,266.593800
216,04,8,132.457000
216,05,16,66.293300
216,06,32,34.032000
216,07,64,17.208300
216,08,128,9.409800
216,09,256,4.922900
216,10,512,2.772400
216,11,1024,1.709600
216,12,2048,1.703200
216,13,4096,1.341300
216,14,8192,1.309600
216,15,16384,1.319900
216,16,32768,1.235900
216,17,65536,1.044000
216,18,131072,1.259400
217,01,1,1072.905300
217,02,2,532.080400
217,03,4,269.136000
217,04,8,132.477700
217,05,16,67.395300
217,06,32,34.065500
217,07,64,18.116100
217,08,128,9.286600
217,09,256,5.067500
217,10,512,2.844700
217,11,1024,15.256900
217,12,2048,1.378300
217,13,4096,4.685100
217,14,8192,0.984700
217,15,16384,0.931400
217,16,32768,0.855500
217,17,65536,0.794800
217,18,131072,0.856500
218,01,1,1070.017200
218,02,2,534.927200
218,03,4,265.147200
218,04,8,133.463900
218,05,16,66.800000
218,06,32,33.912900
218,07,64,17.960000
218,08,128,9.037600
218,09,256,4.854000
218,10,512,2.799900
218,11,1024,1.677300
218,12,2048,1.265600
218,13,4096,0.919900
218,14,8192,0.981600
218,15,16384,0.898200
218,16,32768,0.868000
218,17,65536,0.843500
218,18,131072,0.848700
219,01,1,1069.155000
219,02,2,528.067900
219,03,4,276.879000
219,04,8,135.414000
219,05,16,66.701400
219,06,32,34.481900
219,07,64,17.283300
219,08,128,8.958200
219,09,256,4.882900
219,10,512,2.645600
219,11,1024,1.679300
219,12,2048,1.190500
219,13,4096,0.869100
219,14,8192,1.245000
219,15,16384,0.860700
219,16,32768,1.270900
219,17,65536,1.252200
219,18,131072,1.213300
220,01,1,1057.055700
220,02,2,541.736600
220,03,4,269.242200
220,04,8,133.936300
220,05,16,68.378700
220,06,32,34.059000
220,07,64,17.206000
220,08,128,9.450500
220,09,256,4.934900
220,10,512,2.787400
220,11,1024,1.817000
220,12,2048,1.209700
220,13,4096,0.868400
220,14,8192,0.879800
220,15,16384,0.870100
220,16,32768,0.828500
220,17,65536,1.244400
220,18,131072,0.900000
221,01,1,1114.664000
221,02,2,533.370800
221,03,4,269.636000
221,04,8,132.634300
221,05,16,66.529100
221,06,32,34.107200
221,07,64,17.423500
221,08,128,9.073300
221,09,256,5.024700
221,10,512,2.780500
221,11,1024,1.824900
221,12,2048,1.276000
221,13,4096,0.892100
221,14,8192,1.311900
221,15,16384,1.363100
221,16,32768,0.861000
221,17,65536,0.800900
221,18,131072,0.834000
222,01,1,1092.097400
222,02,2,540.020100
222,03,4,268.923300
222,04,8,132.773500
222,05,16,67.192800
222,06,32,33.938500
222,07,64,17.466200
222,08,128,9.063400
222,09,256,5.037700
222,10,512,2.743800
222,11,1024,1.794700
222,12,2048,1.251300
222,13,4096,0.877100
222,14,8192,1.278600
222,15,16384,1.277000
222,16,32768,1.224800
222,17,65536,1.214900
222,18,131072,1.265400
223,01,1,1075.394100
223,02,2,561.621900
223,03,4,267.510700
223,04,8,135.001700
223,05,16,73.976500
223,06,32,34.303600
223,07,64,19.781500
223,08,128,10.631800
223,09,256,5.229300
223,10,512,3.612200
223,11,1024,2.697800
223,12,2048,1.917900
223,13,4096,1.339700
223,14,8192,1.386800
223,15,16384,1.313200
223,16,32768,1.257600
223,17,65536,1.278200
223,18,131072,1.232700
224,01,1,1111.643800
224,02,2,533.148800
224,03,4,293.113400
224,04,8,133.594700
224,05,16,66.572700
224,06,32,34.262100
224,07,64,17.394900
224,08,128,9.261100
224,09,256,4.926700
224,10,512,2.793500
224,11,1024,1.846400
224,12,2048,1.283800
224,13,4096,0.899800
224,14,8192,0.916300
224,15,16384,0.924500
224,16,32768,0.900200
224,17,65536,1.224300
224,18,131072,1.259100
225,01,1,1088.914800
225,02,2,531.365800
225,03,4,269.785300
225,04,8,134.162400
225,05,16,70.643100
225,06,32,34.986400
225,07,64,18.045000
225,08,128,9.383100
225,09,256,5.091600
225,10,512,2.862000
225,11,1024,1.824700
225,12,2048,1.288500
225,13,4096,0.873200
225,14,8192,1.142500
225,15,16384,1.426300
225,16,32768,1.297100
225,17,65536,1.240800
225,18,131072,1.257500
226,01,1,1081.278600
226,02,2,540.949100
226,03,4,280.958100
226,04,8,140.972200
226,05,16,69.556500
226,06,32,35.051700
226,07,64,18.664300
226,08,128,10.120100
226,09,256,5.532200
226,10,512,3.085900
226,11,1024,1.772200
226,12,2048,1.221200
226,13,4096,0.955700
226,14,8192,1.361400
226,15,16384,1.316400
226,16,32768,1.189100
226,17,65536,1.232500
226,18,131072,1.243500
227,01,1,1119.399100
227,02,2,569.344000
227,03,4,288.408400
227,04,8,142.106700
227,05,16,70.439600
227,06,32,39.095400
227,07,64,20.372400
227,08,128,9.947800
227,09,256,5.737200
227,10,512,4.316800
227,11,1024,2.596800
227,12,2048,1.528600
227,13,4096,1.140700
227,14,8192,1.472300
227,15,16384,1.359300
227,16,32768,1.286000
227,17,65536,1.290600
227,18,131072,1.246000
228,01,1,1077.488300
228,02,2,534.898900
228,03,4,268.657300
228,04,8,132.148300
228,05,16,66.931700
228,06,32,34.105800
228,07,64,17.555100
228,08,128,9.025200
228,09,256,4.886300
228,10,512,3.021500
228,11,1024,1.778800
228,12,2048,1.310700
228,13,4096,0.898600
228,14,8192,0.867700
228,15,16384,1.298100
228,16,32768,1.225100
228,17,65536,1.215000
228,18,131072,1.233300
229,01,1,1082.053400
229,02,2,530.730600
229,03,4,282.356100
229,04,8,134.398400
229,05,16,67.078100
229,06,32,34.592700
229,07,64,17.608500
229,08,128,9.248400
229,09,256,4.858700
229,10,512,2.838500
229,11,1024,1.811100
229,12,2048,1.312100
229,13,4096,0.854700
229,14,8192,1.203000
229,15,16384,0.869900
229,16,32768,0.867200
229,17,65536,1.222700
229,18,131072,1.288600
230,01,1,1061.062400
230,02,2,536.283000
230,03,4,277.722200
230,04,8,134.260700
230,05,16,67.135300
230,06,32,34.343200
230,07,64,17.830200
230,08,128,9.152300
230,09,256,4.975100
230,10,512,2.797700
230,11,1024,1.835400
230,12,2048,1.288400
230,13,4096,0.871800
230,14,8192,0.864700
230,15,16384,0.882600
230,16,32768,0.856800
230,17,65536,1.202100
230,18,131072,0.845800
231,01,1,1078.695600
231,02,2,559.784900
231,03,4,268.027700
231,04,8,135.432700
231,05,16,66.478800
231,06,32,34.108900
231,07,64,17.697900
231,08,128,9.354300
231,09,256,5.414800
231,10,512,3.322800
231,11,1024,1.684800
231,12,2048,1.228700
231,13,4096,0.899700
231,14,8192,0.874200
231,15,16384,0.867200
231,16,32768,0.836100
231,17,65536,0.833600
231,18,131072,1.214300
232,01,1,1318.953000
232,02,2,528.324200
232,03,4,275.903700
232,04,8,132.751900
232,05,16,66.976800
232,06,32,33.965500
232,07,64,17.246000
232,08,128,9.041700
232,09,256,5.016600
232,10,512,2.819700
232,11,1024,1.777800
232,12,2048,1.259700
232,13,4096,0.881900
232,14,8192,0.862100
232,15,16384,1.320900
232,16,32768,1.229600
232,17,65536,1.256200
232,18,131072,1.266200
233,01,1,1081.445300
233,02,2,539.460500
233,03,4,266.682900
233,04,8,130.785100
233,05,16,66.227100
233,06,32,33.703200
233,07,64,17.616100
233,08,128,9.158400
233,09,256,4.978600
233,10,512,2.922500
233,11,1024,1.805100
233,12,2048,1.328700
233,13,4096,0.866200
233,14,8192,0.865400
233,15,16384,1.175700
233,16,32768,0.859200
233,17,65536,1.047600
233,18,131072,1.021800
234,01,1,1069.108400
234,02,2,532.891800
234,03,4,276.127300
234,04,8,133.080000
234,05,16,66.913200
234,06,32,34.228900
234,07,64,17.484400
234,08,128,9.056900
234,09,256,4.912500
234,10,512,2.732000
234,11,1024,1.715700
234,12,2048,1.255800
234,13,4096,0.874200
234,14,8192,0.885100
234,15,16384,0.874800
234,16,32768,0.916400
234,17,65536,0.871400
234,18,131072,1.238400
235,01,1,1068.544000
235,02,2,535.892600
235,03,4,267.732500
235,04,8,132.735500
235,05,16,70.507500
235,06,32,40.112300
235,07,64,17.822500
235,08,128,9.165400
235,09,256,5.023500
235,10,512,2.907000
235,11,1024,1.809700
235,12,2048,1.267000
235,13,4096,0.861400
235,14,8192,0.863300
235,15,16384,1.332200
235,16,32768,1.318800
235,17,65536,1.296700
235,18,131072,0.862000
236,01,1,1070.946200
236,02,2,602.773600
236,03,4,269.756300
236,04,8,132.879400
236,05,16,66.627700
236,06,32,34.927900
236,07,64,17.378200
236,08,128,8.972900
236,09,256,5.020000
236,10,512,2.758100
236,11,1024,1.863100
236,12,2048,1.129000
236,13,4096,0.869100
236,14,8192,0.862100
236,15,16384,0.863900
236,16,32768,0.942700
236,17,65536,1.223600
236,18,131072,1.279800
237,01,1,1072.720600
237,02,2,536.098700
237,03,4,276.121600
237,04,8,131.998100
237,05,16,66.705800
237,06,32,34.186300
237,07,64,17.771800
237,08,128,9.050800
237,09,256,4.864000
237,10,512,2.704500
237,11,1024,1.731700
237,12,2048,1.205700
237,13,4096,0.866000
237,14,8192,1.005100
237,15,16384,0.852400
237,16,32768,0.841000
237,17,65536,0.803200
237,18,131072,1.220900
238,01,1,1061.272600
238,02,2,533.600600
238,03,4,266.064900
238,04,8,133.587200
238,05,16,72.675700
238,06,32,36.226100
238,07,64,17.760000
238,08,128,9.438100
238,09,256,4.959000
238,10,512,2.838900
238,11,1024,1.764200
238,12,2048,1.300100
238,13,4096,0.863400
238,14,8192,1.303900
238,15,16384,1.318300
238,16,32768,1.086300
238,17,65536,0.791800
238,18,131072,0.875400
239,01,1,1065.763100
239,02,2,549.029600
239,03,4,282.945300
239,04,8,132.893000
239,05,16,67.051100
239,06,32,36.116400
239,07,64,17.283900
239,08,128,9.096300
239,09,256,5.393600
239,10,512,2.883000
239,11,1024,1.804700
239,12,2048,1.302600
239,13,4096,0.868800
239,14,8192,0.906400
239,15,16384,1.183800
239,16,32768,1.169500
239,17,65536,1.149000
239,18,131072,1.139700
240,01,1,1084.784500
240,02,2,526.725500
240,03,4,265.240000
240,04,8,134.465800
240,05,16,68.086700
240,06,32,39.187400
240,07,64,17.899100
240,08,128,9.055200
240,09,256,5.063300
240,10,512,2.783500
240,11,1024,1.749800
240,12,2048,1.297600
240,13,4096,0.916200
240,14,8192,0.857500
240,15,16384,0.896400
240,16,32768,0.831300
240,17,65536,0.894100
240,18,131072,1.217800
241,01,1,1062.331300
241,02,2,548.214200
241,03,4,272.199100
241,04,8,133.153100
241,05,16,66.865700
241,06,32,35.473300
241,07,64,17.475800
241,08,128,9.041400
241,09,256,4.864100
241,10,512,2.781700
241,11,1024,1.749300
241,12,2048,1.299700
241,13,4096,0.858900
241,14,8192,0.867700
241,15,16384,0.853900
241,16,32768,0.852400
241,17,65536,0.823000
241,18,131072,0.803200
242,01,1,1063.575300
242,02,2,534.635200
242,03,4,361.884000
242,04,8,133.243100
242,05,16,66.969700
242,06,32,34.301600
242,07,64,17.203600
242,08,128,8.966400
242,09,256,4.929600
242,10,512,2.879300
242,11,1024,1.792800
242,12,2048,1.287200
242,13,4096,0.864700
242,14,8192,0.876700
242,15,16384,1.309700
242,16,32768,1.316700
242,17,65536,1.205600
242,18,131072,1.243800
243,01,1,1069.146600
243,02,2,533.589200
243,03,4,267.261900
243,04,8,134.638800
243,05,16,67.438500
243,06,32,34.394700
243,07,64,17.328900
243,08,128,9.114700
243,09,256,5.105500
243,10,512,2.778700
243,11,1024,1.772000
243,12,2048,1.356700
243,13,4096,0.872900
243,14,8192,1.281200
243,15,16384,0.870800
243,16,32768,0.866300
243,17,65536,1.229800
243,18,131072,1.302700
244,01,1,1075.649000
244,02,2,539.953600
244,03,4,267.701100
244,04,8,132.960900
244,05,16,67.940200
244,06,32,34.292100
244,07,64,17.415200
244,08,128,9.232700
244,09,256,4.908100
244,10,512,2.901200
244,11,1024,1.675500
244,12,2048,1.111700
244,13,4096,0.859700
244,14,8192,0.841100
244,15,16384,0.915900
244,16,32768,0.824000
244,17,65536,1.128700
244,18,131072,1.203200
245,01,1,1073.326300
245,02,2,528.405900
245,03,4,263.736600
245,04,8,139.372900
245,05,16,67.483000
245,06,32,204.727700
245,07,64,17.311600
245,08,128,9.025400
245,09,256,4.774500
245,10,512,2.637400
245,11,1024,1.700100
245,12,2048,1.122300
245,13,4096,0.901800
245,14,8192,0.874800
245,15,16384,0.859500
245,16,32768,1.273900
245,17,65536,1.220100
245,18,131072,1.223300
246,01,1,1065.662900
246,02,2,539.586000
246,03,4,268.718000
246,04,8,134.751800
246,05,16,68.071900
246,06,32,34.665000
246,07,64,18.953300
246,08,128,9.054900
246,09,256,4.867600
246,10,512,2.766600
246,11,1024,1.740100
246,12,2048,1.254700
246,13,4096,0.858900
246,14,8192,1.178700
246,15,16384,1.065200
246,16,32768,0.835500
246,17,65536,0.802600
246,18,131072,1.480700
247,01,1,1077.602900
247,02,2,531.034300
247,03,4,279.509400
247,04,8,133.949100
247,05,16,66.646100
247,06,32,34.085300
247,07,64,17.345600
247,08,128,9.364100
247,09,256,4.803800
247,10,512,2.851700
247,11,1024,1.879100
247,12,2048,1.250300
247,13,4096,1.050500
247,14,8192,0.905000
247,15,16384,0.860500
247,16,32768,0.864200
247,17,65536,0.847900
247,18,131072,0.855500
248,01,1,1072.962700
248,02,2,538.275800
248,03,4,267.632700
248,04,8,133.684900
248,05,16,67.334600
248,06,32,34.018800
248,07,64,17.315700
248,08,128,9.106300
248,09,256,4.933500
248,10,512,2.843700
248,11,1024,1.821700
248,12,2048,1.290700
248,13,4096,0.947900
248,14,8192,0.893700
248,15,16384,0.862500
248,16,32768,0.822500
248,17,65536,1.205000
248,18,131072,0.883400
249,01,1,1069.674000
249,02,2,634.063400
249,03,4,267.841800
249,04,8,133.400500
249,05,16,74.991000
249,06,32,34.808100
249,07,64,17.567900
249,08,128,9.012000
249,09,256,4.955000
249,10,512,2.782300
249,11,1024,1.769000
249,12,2048,1.224000
249,13,4096,0.897400
249,14,8192,0.875700
249,15,16384,0.903600
249,16,32768,1.263900
249,17,65536,1.228400
249,18,131072,1.232300
250,01,1,1084.727600
250,02,2,533.924800
250,03,4,268.264500
250,04,8,256.249700
250,05,16,68.407400
250,06,32,33.969600
250,07,64,17.263200
250,08,128,9.142400
250,09,256,5.011600
250,10,512,2.759600
250,11,1024,1.740300
250,12,2048,1.344500
250,13,4096,0.885700
250,14,8192,0.850800
250,15,16384,0.902100
250,16,32768,0.846100
250,17,65536,1.250100
250,18,131072,1.245500
251,01,1,1073.668000
251,02,2,531.189300
251,03,4,273.511400
251,04,8,132.851100
251,05,16,66.755200
251,06,32,34.261200
251,07,64,17.496400
251,08,128,9.168200
251,09,256,4.812200
251,10,512,2.859600
251,11,1024,1.711100
251,12,2048,1.190700
251,13,4096,1.288600
251,14,8192,1.105400
251,15,16384,0.901300
251,16,32768,0.826100
251,17,65536,0.788800
251,18,131072,0.818700
252,01,1,1071.458400
252,02,2,548.559600
252,03,4,267.793100
252,04,8,133.050100
252,05,16,67.170300
252,06,32,34.085100
252,07,64,17.716900
252,08,128,9.183600
252,09,256,4.946600
252,10,512,2.925800
252,11,1024,1.741700
252,12,2048,1.233600
252,13,4096,1.330600
252,14,8192,1.281800
252,15,16384,1.286700
252,16,32768,1.240000
252,17,65536,1.253100
252,18,131072,1.217400
253,01,1,1123.076600
253,02,2,552.423700
253,03,4,270.134600
253,04,8,134.933800
253,05,16,68.932600
253,06,32,34.765400
253,07,64,17.810700
253,08,128,9.138300
253,09,256,5.000700
253,10,512,2.876700
253,11,1024,1.751500
253,12,2048,1.280500
253,13,4096,0.866400
253,14,8192,0.860400
253,15,16384,1.138800
253,16,32768,1.069100
253,17,65536,0.839900
253,18,131072,1.849700
254,01,1,1084.438100
254,02,2,540.173800
254,03,4,266.612600
254,04,8,134.935400
254,05,16,67.331400
254,06,32,34.212700
254,07,64,17.443300
254,08,128,9.296600
254,09,256,4.964900
254,10,512,2.993900
254,11,1024,1.849300
254,12,2048,1.250900
254,13,4096,0.915900
254,14,8192,1.173300
254,15,16384,0.905900
254,16,32768,0.868500
254,17,65536,1.076600
254,18,131072,1.229500
255,01,1,1107.975200
255,02,2,534.602100
255,03,4,271.017500
255,04,8,133.131300
255,05,16,66.917600
255,06,32,33.826300
255,07,64,17.283100
255,08,128,9.644700
255,09,256,4.959800
255,10,512,2.935900
255,11,1024,1.828100
255,12,2048,1.285500
255,13,4096,0.860000
255,14,8192,1.379700
255,15,16384,1.339900
255,16,32768,1.241900
255,17,65536,1.214500
255,18,131072,1.020700
256,01,1,1061.787400
256,02,2,541.268800
256,03,4,277.873000
256,04,8,141.856500
256,05,16,69.970300
256,06,32,33.653300
256,07,64,17.355200
256,08,128,9.202700
256,09,256,4.873800
256,10,512,2.972000
256,11,1024,1.763300
256,12,2048,1.248900
256,13,4096,0.993600
256,14,8192,1.051600
256,15,16384,1.116900
256,16,32768,0.952100
256,17,65536,0.899200
256,18,131072,0.817400
