block_size_bytes,file,n,mean_ms,median_ms,std_ms,min_ms,max_ms,p5_ms,p95_ms,throughput_MB_s,speedup_vs_1B
1,01,256,1092.179388,1077.831450,46.835786,1054.721600,1392.095600,1061.237275,1183.278650,0.240019,1.000000
2,02,256,552.911483,539.021850,46.683152,526.323700,1015.345100,528.784600,655.365725,0.474116,1.975324
4,03,256,275.901116,269.904200,21.553854,263.736600,402.363000,266.033475,293.245925,0.950138,3.958590
8,04,256,139.057208,133.923200,21.579704,130.785100,299.224500,132.074975,151.455575,1.885152,7.854173
16,05,256,70.509207,67.586250,16.652091,66.177100,247.204500,66.631600,75.169275,3.717869,15.489883
32,06,256,36.986762,34.401200,15.324321,33.653300,204.727700,33.887200,41.063875,7.087509,29.528927
64,07,256,17.812733,17.513100,1.092422,17.071400,30.715500,17.223625,19.318600,14.716663,61.314531
128,08,256,9.302767,9.177950,0.491324,8.900700,13.514100,8.971450,9.926275,28.179142,117.403711
256,09,256,5.038726,4.964600,0.294511,4.737800,7.691900,4.804725,5.620600,52.025848,216.757043
512,10,256,2.892292,2.836300,0.244714,2.634300,4.429800,2.704050,3.288750,90.635379,377.617238
1024,11,256,1.871732,1.779300,0.862283,1.617100,15.256900,1.671600,1.964825,140.054265,583.512809
2048,12,256,1.325004,1.278450,0.170642,1.111700,2.075300,1.168000,1.823425,197.843887,824.283657
4096,13,256,0.968905,0.890300,0.281764,0.844100,4.685100,0.859950,1.339475,270.556838,1127.230079
8192,14,256,1.022671,0.906850,0.198848,0.841100,1.740800,0.856675,1.348650,256.332756,1067.967807
16384,15,256,1.060379,0.922850,0.215398,0.844900,1.686800,0.860500,1.367150,247.217381,1029.990114
32768,16,256,1.050567,0.950900,0.205535,0.809900,1.733700,0.828375,1.317225,249.526256,1039.609658
65536,17,256,1.073859,1.190250,0.201053,0.782700,1.710800,0.802350,1.302500,244.114078,1017.060714
131072,18,256,1.114415,1.209550,0.190121,0.776100,1.849700,0.808225,1.303050,235.230176,980.047416
